Pedido;Item;Tax_Antes;Tax_Novo;Tax_Depois;Material_Antes;Material_Novo;Material_Depois;CC_Antes;CC_Novo;CC_Depois;Status;Mensagens
4500033915;10;F4;;F4;1000784;;1000784;;20111PD011;;OK;S - 06 023: Standard PO 4500033915 changed | I - KI 339: Profit center was set to L2011002 | W - 06 081: Conversion between PC and KG effected using factor 1 | W - ME 083: Enter Requester, customer
4500033877;10;F4;;F4;1000784;;1000784;;20022PD002;;OK;S - 06 023: Standard PO 4500033877 changed | W - 06 081: Conversion between PC and KG effected using factor 1 | W - ME 083: Enter Requester, customer | I - KI 339: Profit center was set to L2002005
4500033873;10;P5;;P5;60000684;;60000684;;20022PD002;;OK;S - 06 023: Standard PO 4500033873 changed | I - KI 339: Profit center was set to L2002005 | W - 06 081: Conversion between PC and KG effected using factor 1 | W - ME 083: Enter Requester, customer
4500033870;10;F5;;F5;1000784;;1000784;;20022PD002;;OK;S - 06 023: Standard PO 4500033870 changed | I - KI 339: Profit center was set to L2002005 | W - 06 081: Conversion between PC and KG effected using factor 1 | W - ME 083: Enter Requester, customer
4500033867;10;F5;;F5;1000784;;1000784;;20022PD002;;OK;S - 06 023: Standard PO 4500033867 changed | I - KI 339: Profit center was set to L2002005 | W - 06 081: Conversion between PC and KG effected using factor 1 | W - ME 083: Enter Requester, customer
4500033864;10;F4;;F4;1000784;;1000784;;20022PD002;;OK;S - 06 023: Standard PO 4500033864 changed | W - 06 081: Conversion between PC and KG effected using factor 1 | W - ME 083: Enter Requester, customer | I - KI 339: Profit center was set to L2002005
4500033861;10;F4;;F4;1000784;;1000784;;20022PD002;;OK;S - 06 023: Standard PO 4500033861 changed | I - KI 339: Profit center was set to L2002005 | W - 06 081: Conversion between PC and KG effected using factor 1 | W - ME 083: Enter Requester, customer
4500033918;10;F4;;F4;1000784;;1000784;;20111PD003;;OK;S - 06 023: Standard PO 4500033918 changed | W - 06 081: Conversion between PC and KG effected using factor 1 | W - ME 083: Enter Requester, customer | I - KI 339: Profit center was set to L2011002
4500033909;10;C0;;C0;20014047;;20014047;;20021PI011;;OK;S - 06 023: Standard PO 4500033909 changed | I - KI 339: Profit center was set to L2002001 | W - ME 678: Purchase order unit L allows fewer decimal places only | W - ME 083: Enter Requester, customer
4500033858;10;F4;;F4;1000784;;1000784;;20022PD002;;OK;S - 06 023: Standard PO 4500033858 changed | W - 06 081: Conversion between PC and KG effected using factor 1 | W - ME 083: Enter Requester, customer | I - KI 339: Profit center was set to L2002005
4500033854;10;F4;;F4;1000784;;1000784;;20022PD002;;OK;S - 06 023: Standard PO 4500033854 changed | W - 06 081: Conversion between PC and KG effected using factor 1 | W - ME 083: Enter Requester, customer | I - KI 339: Profit center was set to L2002005
4500033851;10;F4;;F4;1000784;;1000784;;20022PD002;;OK;S - 06 023: Standard PO 4500033851 changed | I - KI 339: Profit center was set to L2002005 | W - 06 081: Conversion between PC and KG effected using factor 1 | W - ME 083: Enter Requester, customer
4500033848;10;F5;;F5;1000784;;1000784;;20022PD002;;OK;S - 06 023: Standard PO 4500033848 changed | I - KI 339: Profit center was set to L2002005 | W - 06 081: Conversion between PC and KG effected using factor 1 | W - ME 083: Enter Requester, customer
4500033845;10;P5;;P5;60000684;;60000684;;20022PD002;;OK;S - 06 023: Standard PO 4500033845 changed | I - KI 339: Profit center was set to L2002005 | W - 06 081: Conversion between PC and KG effected using factor 1 | W - ME 083: Enter Requester, customer
4500033842;10;F5;;F5;1000784;;1000784;;20022PD002;;OK;S - 06 023: Standard PO 4500033842 changed | I - KI 339: Profit center was set to L2002005 | W - 06 081: Conversion between PC and KG effected using factor 1 | W - ME 083: Enter Requester, customer
4500033838;10;F5;;F5;1000784;;1000784;;20022PD002;;OK;S - 06 023: Standard PO 4500033838 changed | I - KI 339: Profit center was set to L2002005 | W - 06 081: Conversion between PC and KG effected using factor 1 | W - ME 083: Enter Requester, customer
4500033835;10;F4;;F4;1000784;;1000784;;20022PD002;;OK;S - 06 023: Standard PO 4500033835 changed | I - KI 339: Profit center was set to L2002005 | W - 06 081: Conversion between PC and KG effected using factor 1 | W - ME 083: Enter Requester, customer
4500033832;10;F4;;F4;1000784;;1000784;;20022PD002;;OK;S - 06 023: Standard PO 4500033832 changed | W - 06 081: Conversion between PC and KG effected using factor 1 | W - ME 083: Enter Requester, customer | I - KI 339: Profit center was set to L2002005
4500033829;10;F4;;F4;1000784;;1000784;;20022PD002;;OK;S - 06 023: Standard PO 4500033829 changed | I - KI 339: Profit center was set to L2002005 | W - 06 081: Conversion between PC and KG effected using factor 1 | W - ME 083: Enter Requester, customer
4500033826;10;F5;;F5;1000784;;1000784;;20022PD002;;OK;S - 06 023: Standard PO 4500033826 changed | I - KI 339: Profit center was set to L2002005 | W - 06 081: Conversion between PC and KG effected using factor 1 | W - ME 083: Enter Requester, customer
4500033822;10;F5;;F5;1000784;;1000784;;20022PD002;;OK;S - 06 023: Standard PO 4500033822 changed | I - KI 339: Profit center was set to L2002005 | W - 06 081: Conversion between PC and KG effected using factor 1 | W - ME 083: Enter Requester, customer
4500033819;10;F4;;F4;1000784;;1000784;;20022PD002;;OK;S - 06 023: Standard PO 4500033819 changed | I - KI 339: Profit center was set to L2002005 | W - 06 081: Conversion between PC and KG effected using factor 1 | W - ME 083: Enter Requester, customer
4500033816;10;F4;;F4;1000784;;1000784;;20022PD002;;OK;S - 06 023: Standard PO 4500033816 changed | W - 06 081: Conversion between PC and KG effected using factor 1 | W - ME 083: Enter Requester, customer | I - KI 339: Profit center was set to L2002005
4500033813;10;F4;;F4;1000784;;1000784;;20022PD002;;OK;S - 06 023: Standard PO 4500033813 changed | I - KI 339: Profit center was set to L2002005 | W - 06 081: Conversion between PC and KG effected using factor 1 | W - ME 083: Enter Requester, customer
4500033803;10;F4;;F4;1000784;;1000784;;20022PD002;;OK;S - 06 023: Standard PO 4500033803 changed | I - KI 339: Profit center was set to L2002005 | W - 06 081: Conversion between PC and KG effected using factor 1 | W - ME 083: Enter Requester, customer
4500033717;10;P4;;P4;60000506;;60000506;;20151CD008;;OK;S - 06 023: Standard PO 4500033717 changed | I - KI 339: Profit center was set to L2015001 | W - ME 083: Enter Requester, customer
4500033711;10;P4;;P4;60000506;;60000506;;20151CD008;;OK;S - 06 023: Standard PO 4500033711 changed | I - KI 339: Profit center was set to L2015001 | W - ME 083: Enter Requester, customer
4500033707;10;P4;;P4;60000506;;60000506;;20151CD008;;OK;S - 06 023: Standard PO 4500033707 changed | I - KI 339: Profit center was set to L2015001 | W - ME 083: Enter Requester, customer
4500033704;10;P4;;P4;60000506;;60000506;;20151CD008;;OK;S - 06 023: Standard PO 4500033704 changed | I - KI 339: Profit center was set to L2015001 | W - ME 083: Enter Requester, customer
4500033698;10;P4;;P4;60000506;;60000506;;20151CD008;;OK;S - 06 023: Standard PO 4500033698 changed | I - KI 339: Profit center was set to L2015001 | W - ME 083: Enter Requester, customer
4500033695;10;C0;;C0;20006452;;20006452;;20011PI023;;OK;S - 06 023: Standard PO 4500033695 changed | W - ME 083: Enter Requester, customer
4500033599;10;F4;;F4;1000784;;1000784;;20111PD021;;OK;S - 06 023: Standard PO 4500033599 changed | I - KI 339: Profit center was set to L2011002 | W - 06 081: Conversion between PC and KG effected using factor 1 | W - ME 083: Enter Requester, customer
4500033596;10;F4;;F4;1000784;;1000784;;20111PD003;;OK;S - 06 023: Standard PO 4500033596 changed | I - KI 339: Profit center was set to L2011002 | W - 06 081: Conversion between PC and KG effected using factor 1 | W - ME 083: Enter Requester, customer
4500033592;10;F4;;F4;1000784;;1000784;;20111PD011;;OK;S - 06 023: Standard PO 4500033592 changed | I - KI 339: Profit center was set to L2011002 | W - 06 081: Conversion between PC and KG effected using factor 1 | W - ME 083: Enter Requester, customer
4500033580;10;C0;;C0;20006693;;20006693;;20011AD005;;OK;S - 06 023: Standard PO 4500033580 changed | W - ME 083: Enter Requester, customer
4500033554;10;P4;;P4;60000003;;60000003;;20012PD006;;OK;S - 06 023: Standard PO 4500033554 changed | W - ME 083: Enter Requester, customer | I - KI 339: Profit center was set to L2001002
4500033538;10;C0;;C0;30009438;;30009438;;20011AD015;;OK;S - 06 023: Standard PO 4500033538 changed | W - ME 083: Enter Requester, customer
4500033509;10;F4;;F4;1000472;;1000472;;20101CI001;;OK;S - 06 023: Standard PO 4500033509 changed | I - KI 339: Profit center was set to L2010002 | W - ME 083: Enter Requester, customer
4500033506;10;F4;;F4;1000605;;1000605;;20101PD015;;OK;S - 06 023: Standard PO 4500033506 changed | I - KI 339: Profit center was set to L2010002 | W - ME 083: Enter Requester, customer
4500033487;10;C0;;C0;20008437;;20008437;;20011AD005;;OK;S - 06 023: Standard PO 4500033487 changed | W - ME 678: Purchase order unit L allows fewer decimal places only | W - ME 083: Enter Requester, customer
4500033477;10;C0;;C0;20008437;;20008437;;20011PI009;;OK;S - 06 023: Standard PO 4500033477 changed | W - ME 678: Purchase order unit L allows fewer decimal places only | W - ME 083: Enter Requester, customer
4500033471;10;F4;;F4;1000471;;1000471;;20011PD028;;OK;S - 06 023: Standard PO 4500033471 changed | W - ME 083: Enter Requester, customer
4500033455;10;C0;;C0;20004519;;20004519;;20011AD022;;OK;S - 06 023: Standard PO 4500033455 changed | W - ME 083: Enter Requester, customer
4500033372;10;P4;;P4;1000601;;1000601;;20021PD002;;OK;S - 06 023: Standard PO 4500033372 changed | I - KI 339: Profit center was set to L2002001 | W - ME 083: Enter Requester, customer
4500033369;10;P4;;P4;60000506;;60000506;;20151CD008;;OK;S - 06 023: Standard PO 4500033369 changed | I - KI 339: Profit center was set to L2015001 | W - ME 083: Enter Requester, customer
4500033366;10;P4;;P4;60000506;;60000506;;20151CD008;;OK;S - 06 023: Standard PO 4500033366 changed | I - KI 339: Profit center was set to L2015001 | W - ME 083: Enter Requester, customer
4500033362;10;P4;;P4;60000506;;60000506;;20151CD008;;OK;S - 06 023: Standard PO 4500033362 changed | I - KI 339: Profit center was set to L2015001 | W - ME 083: Enter Requester, customer
4500033340;10;F0;;F0;1000471;;1000471;;20101PD030;;OK;S - 06 023: Standard PO 4500033340 changed | W - ME 083: Enter Requester, customer | I - KI 339: Profit center was set to L2010002
4500033334;10;CF;;CF;20009127;;20009127;;20011PI028;;OK;S - 06 023: Standard PO 4500033334 changed | W - ME 083: Enter Requester, customer
4500033267;10;P4;;P4;60000506;;60000506;;20151CD008;;OK;S - 06 023: Standard PO 4500033267 changed | I - KI 339: Profit center was set to L2015001 | W - ME 083: Enter Requester, customer
4500033257;10;P4;;P4;60000506;;60000506;;20151CD008;;OK;S - 06 023: Standard PO 4500033257 changed | I - KI 339: Profit center was set to L2015001 | W - ME 083: Enter Requester, customer
4500033254;10;P4;;P4;60000506;;60000506;;20151CD008;;OK;S - 06 023: Standard PO 4500033254 changed | I - KI 339: Profit center was set to L2015001 | W - FCO_AVC_CC 201: The budget tolerance limit of 100,00% for cost center 20151CD008, ORC_CC~ORC_STER_V has been reached. | W - ME 083: Enter Requester, customer
4500033251;10;P4;;P4;60000506;;60000506;;20151CD008;;OK;S - 06 023: Standard PO 4500033251 changed | I - KI 339: Profit center was set to L2015001 | W - ME 083: Enter Requester, customer
4500033212;10;P4;;P4;60000506;;60000506;;20151CD008;;OK;S - 06 023: Standard PO 4500033212 changed | I - KI 339: Profit center was set to L2015001 | W - ME 083: Enter Requester, customer
4500033187;10;P4;;P4;60000684;;60000684;;20022PD002;;OK;S - 06 023: Standard PO 4500033187 changed | I - KI 339: Profit center was set to L2002005 | W - 06 081: Conversion between PC and KG effected using factor 1 | W - ME 083: Enter Requester, customer
4500033184;10;F4;;F4;1000784;;1000784;;20022PD002;;OK;S - 06 023: Standard PO 4500033184 changed | I - KI 339: Profit center was set to L2002005 | W - 06 081: Conversion between PC and KG effected using factor 1 | W - ME 083: Enter Requester, customer
4500033180;10;F4;;F4;1000784;;1000784;;20022PD006;;OK;S - 06 023: Standard PO 4500033180 changed | I - KI 339: Profit center was set to L2002005 | W - 06 081: Conversion between PC and KG effected using factor 1 | W - ME 083: Enter Requester, customer
4500033174;10;F4;;F4;1000784;;1000784;;20022PD002;;OK;S - 06 023: Standard PO 4500033174 changed | I - KI 339: Profit center was set to L2002005 | W - 06 081: Conversion between PC and KG effected using factor 1 | W - ME 083: Enter Requester, customer
4500033171;10;F4;;F4;1000784;;1000784;;20022PD002;;OK;S - 06 023: Standard PO 4500033171 changed | I - KI 339: Profit center was set to L2002005 | W - 06 081: Conversion between PC and KG effected using factor 1 | W - ME 083: Enter Requester, customer
4500033171;10;F4;;F4;1000784;;1000784;;20022PD002;;OK;S - 06 022: No data changed
4500033168;10;F4;;F4;1000784;;1000784;;20022PD002;;OK;S - 06 023: Standard PO 4500033168 changed | I - KI 339: Profit center was set to L2002005 | W - 06 081: Conversion between PC and KG effected using factor 1 | W - ME 083: Enter Requester, customer
4500033164;10;F4;;F4;1000784;;1000784;;20022PD002;;OK;S - 06 023: Standard PO 4500033164 changed | W - 06 081: Conversion between PC and KG effected using factor 1 | W - ME 083: Enter Requester, customer | I - KI 339: Profit center was set to L2002005
4500033161;10;F5;;F5;1000784;;1000784;;20022PD002;;OK;S - 06 023: Standard PO 4500033161 changed | W - 06 081: Conversion between PC and KG effected using factor 1 | W - ME 083: Enter Requester, customer | I - KI 339: Profit center was set to L2002005
4500033158;10;F5;;F5;1000784;;1000784;;20022PD002;;OK;S - 06 023: Standard PO 4500033158 changed | I - KI 339: Profit center was set to L2002005 | W - 06 081: Conversion between PC and KG effected using factor 1 | W - ME 083: Enter Requester, customer
4500033155;10;F5;;F5;1000784;;1000784;;20022PD002;;OK;S - 06 023: Standard PO 4500033155 changed | I - KI 339: Profit center was set to L2002005 | W - 06 081: Conversion between PC and KG effected using factor 1 | W - ME 083: Enter Requester, customer
4500033152;10;F5;;F5;1000784;;1000784;;20022PD002;;OK;S - 06 023: Standard PO 4500033152 changed | I - KI 339: Profit center was set to L2002005 | W - 06 081: Conversion between PC and KG effected using factor 1 | W - ME 083: Enter Requester, customer
4500033149;10;F5;;F5;1000784;;1000784;;20022PD002;;OK;S - 06 023: Standard PO 4500033149 changed | W - 06 081: Conversion between PC and KG effected using factor 1 | W - ME 083: Enter Requester, customer | I - KI 339: Profit center was set to L2002005
4500033145;10;F5;;F5;1000784;;1000784;;20022PD002;;OK;S - 06 023: Standard PO 4500033145 changed | I - KI 339: Profit center was set to L2002005 | W - 06 081: Conversion between PC and KG effected using factor 1 | W - ME 083: Enter Requester, customer
4500033142;10;F5;;F5;1000784;;1000784;;20022PD002;;OK;S - 06 023: Standard PO 4500033142 changed | I - KI 339: Profit center was set to L2002005 | W - 06 081: Conversion between PC and KG effected using factor 1 | W - ME 083: Enter Requester, customer
4500033139;10;F4;;F4;1000784;;1000784;;20022PD002;;OK;S - 06 023: Standard PO 4500033139 changed | I - KI 339: Profit center was set to L2002005 | W - 06 081: Conversion between PC and KG effected using factor 1 | W - ME 083: Enter Requester, customer
4500033133;10;F4;;F4;1000784;;1000784;;20022PD002;;OK;S - 06 023: Standard PO 4500033133 changed | I - KI 339: Profit center was set to L2002005 | W - 06 081: Conversion between PC and KG effected using factor 1 | W - ME 083: Enter Requester, customer
4500033129;10;F4;;F4;1000784;;1000784;;20022PD002;;OK;S - 06 023: Standard PO 4500033129 changed | W - 06 081: Conversion between PC and KG effected using factor 1 | W - ME 083: Enter Requester, customer | I - KI 339: Profit center was set to L2002005
4500033126;10;F4;;F4;1000784;;1000784;;20022PD002;;OK;S - 06 023: Standard PO 4500033126 changed | I - KI 339: Profit center was set to L2002005 | W - 06 081: Conversion between PC and KG effected using factor 1 | W - ME 083: Enter Requester, customer
4500033123;10;F4;;F4;1000784;;1000784;;20022PD002;;OK;S - 06 023: Standard PO 4500033123 changed | I - KI 339: Profit center was set to L2002005 | W - 06 081: Conversion between PC and KG effected using factor 1 | W - ME 083: Enter Requester, customer
4500033120;10;F4;;F4;1000784;;1000784;;20022PD002;;OK;S - 06 023: Standard PO 4500033120 changed | I - KI 339: Profit center was set to L2002005 | W - 06 081: Conversion between PC and KG effected using factor 1 | W - ME 083: Enter Requester, customer
4500033117;10;F4;;F4;1000784;;1000784;;20022PD002;;OK;S - 06 023: Standard PO 4500033117 changed | I - KI 339: Profit center was set to L2002005 | W - 06 081: Conversion between PC and KG effected using factor 1 | W - ME 083: Enter Requester, customer
4500033113;10;F4;;F4;1000784;;1000784;;20022PD002;;OK;S - 06 023: Standard PO 4500033113 changed | I - KI 339: Profit center was set to L2002005 | W - 06 081: Conversion between PC and KG effected using factor 1 | W - ME 083: Enter Requester, customer
4500033110;10;F4;;F4;1000784;;1000784;;20022PD002;;OK;S - 06 023: Standard PO 4500033110 changed | I - KI 339: Profit center was set to L2002005 | W - 06 081: Conversion between PC and KG effected using factor 1 | W - ME 083: Enter Requester, customer
4500033107;10;F4;;F4;1000784;;1000784;;20022PD002;;OK;S - 06 023: Standard PO 4500033107 changed | I - KI 339: Profit center was set to L2002005 | W - 06 081: Conversion between PC and KG effected using factor 1 | W - ME 083: Enter Requester, customer
4500033104;10;F5;;F5;1000784;;1000784;;20022PD002;;OK;S - 06 023: Standard PO 4500033104 changed | I - KI 339: Profit center was set to L2002005 | W - 06 081: Conversion between PC and KG effected using factor 1 | W - ME 083: Enter Requester, customer
4500033101;10;F5;;F5;1000784;;1000784;;20022PD002;;OK;S - 06 023: Standard PO 4500033101 changed | W - 06 081: Conversion between PC and KG effected using factor 1 | W - ME 083: Enter Requester, customer | I - KI 339: Profit center was set to L2002005
4500033097;10;F5;;F5;1000784;;1000784;;20022PD002;;OK;S - 06 023: Standard PO 4500033097 changed | I - KI 339: Profit center was set to L2002005 | W - 06 081: Conversion between PC and KG effected using factor 1 | W - ME 083: Enter Requester, customer
4500033085;10;F4;;F4;1000472;;1000472;;20101CI001;;OK;S - 06 023: Standard PO 4500033085 changed | I - KI 339: Profit center was set to L2010002 | W - ME 083: Enter Requester, customer
4500033081;10;F4;;F4;1000784;;1000784;;20022PD002;;OK;S - 06 023: Standard PO 4500033081 changed | I - KI 339: Profit center was set to L2002005 | W - 06 081: Conversion between PC and KG effected using factor 1 | W - ME 083: Enter Requester, customer
4500033078;10;F4;;F4;1000472;;1000472;;20101CI001;;OK;S - 06 023: Standard PO 4500033078 changed | I - KI 339: Profit center was set to L2010002 | W - ME 083: Enter Requester, customer
4500033075;10;F4;;F4;1000784;;1000784;;20022PD002;;OK;S - 06 023: Standard PO 4500033075 changed | I - KI 339: Profit center was set to L2002005 | W - 06 081: Conversion between PC and KG effected using factor 1 | W - ME 083: Enter Requester, customer
4500033072;10;F5;;F5;1000784;;1000784;;20022PD002;;OK;S - 06 023: Standard PO 4500033072 changed | I - KI 339: Profit center was set to L2002005 | W - 06 081: Conversion between PC and KG effected using factor 1 | W - ME 083: Enter Requester, customer
4500033069;10;F5;;F5;1000784;;1000784;;20022PD002;;OK;S - 06 023: Standard PO 4500033069 changed | I - KI 339: Profit center was set to L2002005 | W - 06 081: Conversion between PC and KG effected using factor 1 | W - ME 083: Enter Requester, customer
4500033065;10;F4;;F4;1000784;;1000784;;20022PD002;;OK;S - 06 023: Standard PO 4500033065 changed | I - KI 339: Profit center was set to L2002005 | W - 06 081: Conversion between PC and KG effected using factor 1 | W - ME 083: Enter Requester, customer
4500033062;10;F4;;F4;1000784;;1000784;;20022PD002;;OK;S - 06 023: Standard PO 4500033062 changed | I - KI 339: Profit center was set to L2002005 | W - 06 081: Conversion between PC and KG effected using factor 1 | W - ME 083: Enter Requester, customer
4500033059;10;F4;;F4;1000472;;1000472;;20101CI001;;OK;S - 06 023: Standard PO 4500033059 changed | I - KI 339: Profit center was set to L2010002 | W - ME 083: Enter Requester, customer
4500033056;10;F4;;F4;1000472;;1000472;;20101CI001;;OK;S - 06 023: Standard PO 4500033056 changed | I - KI 339: Profit center was set to L2010002 | W - ME 083: Enter Requester, customer
4500033053;10;F4;;F4;1000784;;1000784;;20022PD002;;OK;S - 06 023: Standard PO 4500033053 changed | I - KI 339: Profit center was set to L2002005 | W - 06 081: Conversion between PC and KG effected using factor 1 | W - ME 083: Enter Requester, customer
4500033050;10;F4;;F4;1000784;;1000784;;20022PD002;;OK;S - 06 023: Standard PO 4500033050 changed | I - KI 339: Profit center was set to L2002005 | W - 06 081: Conversion between PC and KG effected using factor 1 | W - ME 083: Enter Requester, customer
4500033046;10;F4;;F4;1000784;;1000784;;20022PD002;;OK;S - 06 023: Standard PO 4500033046 changed | I - KI 339: Profit center was set to L2002005 | W - 06 081: Conversion between PC and KG effected using factor 1 | W - ME 083: Enter Requester, customer
4500033043;10;F4;;F4;1000784;;1000784;;20022PD002;;OK;S - 06 023: Standard PO 4500033043 changed | I - KI 339: Profit center was set to L2002005 | W - 06 081: Conversion between PC and KG effected using factor 1 | W - ME 083: Enter Requester, customer
4500033040;10;F5;;F5;1000784;;1000784;;20022PD002;;OK;S - 06 023: Standard PO 4500033040 changed | I - KI 339: Profit center was set to L2002005 | W - 06 081: Conversion between PC and KG effected using factor 1 | W - ME 083: Enter Requester, customer
4500033037;10;P5;;P5;60000008;;60000008;;20022PD005;;OK;S - 06 023: Standard PO 4500033037 changed | I - KI 339: Profit center was set to L2002005 | W - ME 083: Enter Requester, customer
4500033034;10;F5;;F5;1000784;;1000784;;20022PD002;;OK;S - 06 023: Standard PO 4500033034 changed | I - KI 339: Profit center was set to L2002005 | W - 06 081: Conversion between PC and KG effected using factor 1 | W - ME 083: Enter Requester, customer
4500033030;10;F4;;F4;1000784;;1000784;;20022PD002;;OK;S - 06 023: Standard PO 4500033030 changed | W - 06 081: Conversion between PC and KG effected using factor 1 | W - ME 083: Enter Requester, customer | I - KI 339: Profit center was set to L2002005
4500033027;10;F4;;F4;1000784;;1000784;;20022PD002;;OK;S - 06 023: Standard PO 4500033027 changed | I - KI 339: Profit center was set to L2002005 | W - 06 081: Conversion between PC and KG effected using factor 1 | W - ME 083: Enter Requester, customer
4500033024;10;F4;;F4;1000784;;1000784;;20022PD002;;OK;S - 06 023: Standard PO 4500033024 changed | I - KI 339: Profit center was set to L2002005 | W - 06 081: Conversion between PC and KG effected using factor 1 | W - ME 083: Enter Requester, customer
4500033021;10;F4;;F4;1000784;;1000784;;20022PD002;;OK;S - 06 023: Standard PO 4500033021 changed | I - KI 339: Profit center was set to L2002005 | W - 06 081: Conversion between PC and KG effected using factor 1 | W - ME 083: Enter Requester, customer
4500033018;10;F4;;F4;1000784;;1000784;;20022PD002;;OK;S - 06 023: Standard PO 4500033018 changed | I - KI 339: Profit center was set to L2002005 | W - 06 081: Conversion between PC and KG effected using factor 1 | W - ME 083: Enter Requester, customer
4500033014;10;F4;;F4;1000784;;1000784;;20022PD002;;OK;S - 06 023: Standard PO 4500033014 changed | I - KI 339: Profit center was set to L2002005 | W - 06 081: Conversion between PC and KG effected using factor 1 | W - ME 083: Enter Requester, customer
4500033011;10;F4;;F4;1000784;;1000784;;20022PD002;;OK;S - 06 023: Standard PO 4500033011 changed | I - KI 339: Profit center was set to L2002005 | W - 06 081: Conversion between PC and KG effected using factor 1 | W - ME 083: Enter Requester, customer
4500033008;10;F4;;F4;1000784;;1000784;;20022PD002;;OK;S - 06 023: Standard PO 4500033008 changed | I - KI 339: Profit center was set to L2002005 | W - 06 081: Conversion between PC and KG effected using factor 1 | W - ME 083: Enter Requester, customer
4500033002;10;F4;;F4;1000784;;1000784;;20022PD002;;OK;S - 06 023: Standard PO 4500033002 changed | I - KI 339: Profit center was set to L2002005 | W - 06 081: Conversion between PC and KG effected using factor 1 | W - ME 083: Enter Requester, customer
4500032998;10;F4;;F4;1000784;;1000784;;20022PD002;;OK;S - 06 023: Standard PO 4500032998 changed | I - KI 339: Profit center was set to L2002005 | W - 06 081: Conversion between PC and KG effected using factor 1 | W - ME 083: Enter Requester, customer
4500032995;10;F4;;F4;1000784;;1000784;;20022PD002;;OK;S - 06 023: Standard PO 4500032995 changed | W - 06 081: Conversion between PC and KG effected using factor 1 | W - ME 083: Enter Requester, customer | I - KI 339: Profit center was set to L2002005
4500032992;10;F4;;F4;1000784;;1000784;;20022PD002;;OK;S - 06 023: Standard PO 4500032992 changed | W - 06 081: Conversion between PC and KG effected using factor 1 | W - ME 083: Enter Requester, customer | I - KI 339: Profit center was set to L2002005
4500032989;10;F4;;F4;1000784;;1000784;;20022PD002;;OK;S - 06 023: Standard PO 4500032989 changed | I - KI 339: Profit center was set to L2002005 | W - 06 081: Conversion between PC and KG effected using factor 1 | W - ME 083: Enter Requester, customer
4500032986;10;F4;;F4;1000784;;1000784;;20022PD002;;OK;S - 06 023: Standard PO 4500032986 changed | I - KI 339: Profit center was set to L2002005 | W - 06 081: Conversion between PC and KG effected using factor 1 | W - ME 083: Enter Requester, customer
4500032982;10;P5;;P5;60000684;;60000684;;20022PD002;;OK;S - 06 023: Standard PO 4500032982 changed | I - KI 339: Profit center was set to L2002005 | W - 06 081: Conversion between PC and KG effected using factor 1 | W - ME 083: Enter Requester, customer
4500032979;10;F4;;F4;1000784;;1000784;;20022PD002;;OK;S - 06 023: Standard PO 4500032979 changed | I - KI 339: Profit center was set to L2002005 | W - 06 081: Conversion between PC and KG effected using factor 1 | W - ME 083: Enter Requester, customer
4500032976;10;F4;;F4;1000784;;1000784;;20022PD002;;OK;S - 06 023: Standard PO 4500032976 changed | I - KI 339: Profit center was set to L2002005 | W - 06 081: Conversion between PC and KG effected using factor 1 | W - ME 083: Enter Requester, customer
4500032973;10;F4;;F4;1000784;;1000784;;20022PD002;;OK;S - 06 023: Standard PO 4500032973 changed | I - KI 339: Profit center was set to L2002005 | W - 06 081: Conversion between PC and KG effected using factor 1 | W - ME 083: Enter Requester, customer
4500032966;10;F5;;F5;1000784;;1000784;;20022PD002;;OK;S - 06 023: Standard PO 4500032966 changed | W - 06 081: Conversion between PC and KG effected using factor 1 | W - ME 083: Enter Requester, customer | I - KI 339: Profit center was set to L2002005
4500032963;10;F5;;F5;1000784;;1000784;;20022PD002;;OK;S - 06 023: Standard PO 4500032963 changed | I - KI 339: Profit center was set to L2002005 | W - 06 081: Conversion between PC and KG effected using factor 1 | W - ME 083: Enter Requester, customer
4500032960;10;F5;;F5;1000784;;1000784;;20022PD002;;OK;S - 06 023: Standard PO 4500032960 changed | I - KI 339: Profit center was set to L2002005 | W - 06 081: Conversion between PC and KG effected using factor 1 | W - ME 083: Enter Requester, customer
4500032957;10;F5;;F5;1000784;;1000784;;20022PD002;;OK;S - 06 023: Standard PO 4500032957 changed | I - KI 339: Profit center was set to L2002005 | W - 06 081: Conversion between PC and KG effected using factor 1 | W - ME 083: Enter Requester, customer
4500032954;10;F5;;F5;1000784;;1000784;;20022PD002;;OK;S - 06 023: Standard PO 4500032954 changed | I - KI 339: Profit center was set to L2002005 | W - 06 081: Conversion between PC and KG effected using factor 1 | W - ME 083: Enter Requester, customer
4500032951;10;F5;;F5;1000784;;1000784;;20022PD002;;OK;S - 06 023: Standard PO 4500032951 changed | W - 06 081: Conversion between PC and KG effected using factor 1 | W - ME 083: Enter Requester, customer | I - KI 339: Profit center was set to L2002005
4500032947;10;F5;;F5;1000784;;1000784;;20022PD002;;OK;S - 06 023: Standard PO 4500032947 changed | I - KI 339: Profit center was set to L2002005 | W - 06 081: Conversion between PC and KG effected using factor 1 | W - ME 083: Enter Requester, customer
4500032944;10;F5;;F5;1000784;;1000784;;20022PD002;;OK;S - 06 023: Standard PO 4500032944 changed | I - KI 339: Profit center was set to L2002005 | W - 06 081: Conversion between PC and KG effected using factor 1 | W - ME 083: Enter Requester, customer
4500032820;10;F0;;F0;1000471;;1000471;;20021PI008;;OK;S - 06 023: Standard PO 4500032820 changed | I - KI 339: Profit center was set to L2002001 | W - ME 083: Enter Requester, customer
4500032794;10;F0;;F0;1000471;;1000471;;20021PI015;;OK;S - 06 023: Standard PO 4500032794 changed | I - KI 339: Profit center was set to L2002001 | W - ME 083: Enter Requester, customer
4500032784;10;CG;;CG;1000471;;1000471;;20111PI021;;OK;S - 06 023: Standard PO 4500032784 changed | W - FCO_AVC_CC 201: The budget tolerance limit of 100,00% for cost center 20111PI021, ORC_CC~ORC_STERC has been reached. | W - ME 083: Enter Requester, customer | I - KI 339: Profit center was set to L2011002
4500032781;10;C0;;C0;20014047;;20014047;;20111PI001;;OK;S - 06 023: Standard PO 4500032781 changed | I - KI 339: Profit center was set to L2011002 | W - ME 678: Purchase order unit L allows fewer decimal places only | W - ME 083: Enter Requester, customer
4500032714;10;F4;;F4;1000784;;1000784;;20111PD023;;OK;S - 06 023: Standard PO 4500032714 changed | I - KI 339: Profit center was set to L2011002 | W - 06 081: Conversion between PC and KG effected using factor 1 | W - ME 083: Enter Requester, customer
4500032708;10;F4;;F4;1000784;;1000784;;20111PD003;;OK;S - 06 023: Standard PO 4500032708 changed | I - KI 339: Profit center was set to L2011002 | W - 06 081: Conversion between PC and KG effected using factor 1 | W - ME 083: Enter Requester, customer
4500032574;10;F4;;F4;1000784;;1000784;;20091PD011;;OK;S - 06 023: Standard PO 4500032574 changed | I - KI 339: Profit center was set to L2009002 | W - 06 081: Conversion between PC and KG effected using factor 1 | W - ME 083: Enter Requester, customer
4500032558;10;P5;;P5;60000008;;60000008;;20022PD005;;OK;S - 06 023: Standard PO 4500032558 changed | I - KI 339: Profit center was set to L2002005 | W - ME 083: Enter Requester, customer
4500032554;10;F4;;F4;1000605;;1000605;;20101PD015;;OK;S - 06 023: Standard PO 4500032554 changed | I - KI 339: Profit center was set to L2010002 | W - ME 083: Enter Requester, customer
4500032548;10;C0;;C0;20014047;;20014047;;20101PD006;;OK;S - 06 023: Standard PO 4500032548 changed | I - KI 339: Profit center was set to L2010002 | W - ME 678: Purchase order unit L allows fewer decimal places only | W - ME 083: Enter Requester, customer
4500032347;10;P5;;P5;60000008;;60000008;;20022PD005;;OK;S - 06 023: Standard PO 4500032347 changed | I - KI 339: Profit center was set to L2002005 | W - ME 083: Enter Requester, customer
4500032337;10;P4;;P4;60000506;;60000506;;20151CD008;;OK;S - 06 023: Standard PO 4500032337 changed | I - KI 339: Profit center was set to L2015001 | W - ME 083: Enter Requester, customer
4500032321;10;P4;;P4;60000506;;60000506;;20151CD008;;OK;S - 06 023: Standard PO 4500032321 changed | I - KI 339: Profit center was set to L2015001 | W - FCO_AVC_CC 201: The budget tolerance limit of 100,00% for cost center 20151CD008, ORC_CC~ORC_STER_V has been reached. | W - ME 083: Enter Requester, customer
4500032296;10;P4;;P4;60000506;;60000506;;20151CD008;;OK;S - 06 023: Standard PO 4500032296 changed | I - KI 339: Profit center was set to L2015001 | W - ME 083: Enter Requester, customer
4500032254;10;P4;;P4;60000506;;60000506;;20151CD008;;OK;S - 06 023: Standard PO 4500032254 changed | I - KI 339: Profit center was set to L2015001 | W - ME 083: Enter Requester, customer
4500032245;10;C1;;C1;20001319;;20001319;;20011PD017;;OK;S - 06 023: Standard PO 4500032245 changed | W - ME 083: Enter Requester, customer
4500032229;10;C0;;C0;20014327;;20014327;;20021PI001;;OK;S - 06 023: Standard PO 4500032229 changed | I - KI 339: Profit center was set to L2002001 | W - ME 083: Enter Requester, customer
4500032216;10;F4;;F4;1000784;;1000784;;20022PD002;;OK;S - 06 023: Standard PO 4500032216 changed | I - KI 339: Profit center was set to L2002005 | W - 06 081: Conversion between PC and KG effected using factor 1 | W - ME 083: Enter Requester, customer
4500032213;10;F4;;F4;1000784;;1000784;;20022PD002;;OK;S - 06 023: Standard PO 4500032213 changed | I - KI 339: Profit center was set to L2002005 | W - 06 081: Conversion between PC and KG effected using factor 1 | W - ME 083: Enter Requester, customer
4500032210;10;F5;;F5;1000784;;1000784;;20022PD002;;OK;S - 06 023: Standard PO 4500032210 changed | I - KI 339: Profit center was set to L2002005 | W - 06 081: Conversion between PC and KG effected using factor 1 | W - ME 083: Enter Requester, customer
4500032206;10;F5;;F5;1000784;;1000784;;20022PD002;;OK;S - 06 023: Standard PO 4500032206 changed | I - KI 339: Profit center was set to L2002005 | W - 06 081: Conversion between PC and KG effected using factor 1 | W - ME 083: Enter Requester, customer
4500032203;10;F5;;F5;1000784;;1000784;;20022PD002;;OK;S - 06 023: Standard PO 4500032203 changed | I - KI 339: Profit center was set to L2002005 | W - 06 081: Conversion between PC and KG effected using factor 1 | W - ME 083: Enter Requester, customer
4500032200;10;F4;;F4;1000784;;1000784;;20022PD002;;OK;S - 06 023: Standard PO 4500032200 changed | I - KI 339: Profit center was set to L2002005 | W - 06 081: Conversion between PC and KG effected using factor 1 | W - ME 083: Enter Requester, customer
4500032197;10;F4;;F4;1000784;;1000784;;20022PD002;;OK;S - 06 023: Standard PO 4500032197 changed | I - KI 339: Profit center was set to L2002005 | W - 06 081: Conversion between PC and KG effected using factor 1 | W - ME 083: Enter Requester, customer
4500032194;10;F4;;F4;1000784;;1000784;;20022PD002;;OK;S - 06 023: Standard PO 4500032194 changed | I - KI 339: Profit center was set to L2002005 | W - 06 081: Conversion between PC and KG effected using factor 1 | W - ME 083: Enter Requester, customer
4500032190;10;F4;;F4;1000784;;1000784;;20022PD002;;OK;S - 06 023: Standard PO 4500032190 changed | I - KI 339: Profit center was set to L2002005 | W - 06 081: Conversion between PC and KG effected using factor 1 | W - ME 083: Enter Requester, customer
4500032187;10;F4;;F4;1000784;;1000784;;20022PD002;;OK;S - 06 023: Standard PO 4500032187 changed | I - KI 339: Profit center was set to L2002005 | W - 06 081: Conversion between PC and KG effected using factor 1 | W - ME 083: Enter Requester, customer
4500032184;10;F5;;F5;1000784;;1000784;;20022PD002;;OK;S - 06 023: Standard PO 4500032184 changed | I - KI 339: Profit center was set to L2002005 | W - 06 081: Conversion between PC and KG effected using factor 1 | W - ME 083: Enter Requester, customer
4500032181;10;F4;;F4;1000784;;1000784;;20022PD002;;OK;S - 06 023: Standard PO 4500032181 changed | W - 06 081: Conversion between PC and KG effected using factor 1 | W - ME 083: Enter Requester, customer | I - KI 339: Profit center was set to L2002005
4500032178;10;F5;;F5;1000784;;1000784;;20022PD002;;OK;S - 06 023: Standard PO 4500032178 changed | I - KI 339: Profit center was set to L2002005 | W - 06 081: Conversion between PC and KG effected using factor 1 | W - ME 083: Enter Requester, customer
4500032174;10;F4;;F4;1000784;;1000784;;20022PD002;;OK;S - 06 023: Standard PO 4500032174 changed | I - KI 339: Profit center was set to L2002005 | W - 06 081: Conversion between PC and KG effected using factor 1 | W - ME 083: Enter Requester, customer
4500032171;10;F4;;F4;1000784;;1000784;;20022PD002;;OK;S - 06 023: Standard PO 4500032171 changed | W - 06 081: Conversion between PC and KG effected using factor 1 | W - ME 083: Enter Requester, customer | I - KI 339: Profit center was set to L2002005
4500032168;10;F5;;F5;1000784;;1000784;;20022PD002;;OK;S - 06 023: Standard PO 4500032168 changed | I - KI 339: Profit center was set to L2002005 | W - 06 081: Conversion between PC and KG effected using factor 1 | W - ME 083: Enter Requester, customer
4500032165;10;F4;;F4;1000784;;1000784;;20022PD002;;OK;S - 06 023: Standard PO 4500032165 changed | I - KI 339: Profit center was set to L2002005 | W - 06 081: Conversion between PC and KG effected using factor 1 | W - ME 083: Enter Requester, customer
4500032162;10;F4;;F4;1000784;;1000784;;20022PD002;;OK;S - 06 023: Standard PO 4500032162 changed | W - 06 081: Conversion between PC and KG effected using factor 1 | W - ME 083: Enter Requester, customer | I - KI 339: Profit center was set to L2002005
4500032158;10;F4;;F4;1000784;;1000784;;20022PD002;;OK;S - 06 023: Standard PO 4500032158 changed | W - 06 081: Conversion between PC and KG effected using factor 1 | W - ME 083: Enter Requester, customer | I - KI 339: Profit center was set to L2002005
4500032155;10;F4;;F4;1000784;;1000784;;20022PD002;;OK;S - 06 023: Standard PO 4500032155 changed | I - KI 339: Profit center was set to L2002005 | W - 06 081: Conversion between PC and KG effected using factor 1 | W - ME 083: Enter Requester, customer
4500032152;10;F4;;F4;1000784;;1000784;;20022PD002;;OK;S - 06 023: Standard PO 4500032152 changed | I - KI 339: Profit center was set to L2002005 | W - 06 081: Conversion between PC and KG effected using factor 1 | W - ME 083: Enter Requester, customer
4500032149;10;F5;;F5;1000784;;1000784;;20022PD002;;OK;S - 06 023: Standard PO 4500032149 changed | I - KI 339: Profit center was set to L2002005 | W - 06 081: Conversion between PC and KG effected using factor 1 | W - ME 083: Enter Requester, customer
4500032146;10;P5;;P5;60000684;;60000684;;20022PD002;;OK;S - 06 023: Standard PO 4500032146 changed | I - KI 339: Profit center was set to L2002005 | W - 06 081: Conversion between PC and KG effected using factor 1 | W - ME 083: Enter Requester, customer
4500032143;10;F5;;F5;1000784;;1000784;;20022PD002;;OK;S - 06 023: Standard PO 4500032143 changed | I - KI 339: Profit center was set to L2002005 | W - 06 081: Conversion between PC and KG effected using factor 1 | W - ME 083: Enter Requester, customer
4500032123;10;C3;;C3;20011982;;20011982;;20011AD002;;OK;S - 06 023: Standard PO 4500032123 changed | W - ME 083: Enter Requester, customer
4500031913;10;CF;;CF;20018584;;20018584;;20011PI007;;OK;S - 06 022: No data changed
4500031868;10;P5;;P5;60000008;;60000008;;20022PD005;;OK;S - 06 023: Standard PO 4500031868 changed | I - KI 339: Profit center was set to L2002005 | W - ME 083: Enter Requester, customer
4500031865;10;P5;;P5;60000008;;60000008;;20022PD005;;OK;S - 06 023: Standard PO 4500031865 changed | I - KI 339: Profit center was set to L2002005 | W - ME 083: Enter Requester, customer
4500031833;10;P4;;P4;60000506;;60000506;;20151CD008;;OK;S - 06 023: Standard PO 4500031833 changed | I - KI 339: Profit center was set to L2015001 | W - ME 083: Enter Requester, customer
4500031830;10;F4;;F4;1000605;;1000605;;20101PD015;;OK;S - 06 023: Standard PO 4500031830 changed | W - ME 083: Enter Requester, customer | I - KI 339: Profit center was set to L2010002
4500031750;10;C1;;C1;20011739;;20011739;;20011PI017;;OK;S - 06 023: Standard PO 4500031750 changed | W - ME 083: Enter Requester, customer
4500031740;10;CG;;CG;20015837;;20015837;;20012PD004;;OK;S - 06 023: Standard PO 4500031740 changed | I - KI 339: Profit center was set to L2001002 | W - ME 083: Enter Requester, customer
4500031635;10;P4;;P4;60000506;;60000506;;20151CD008;;OK;S - 06 023: Standard PO 4500031635 changed | I - KI 339: Profit center was set to L2015001 | W - ME 083: Enter Requester, customer
4500031561;10;P5;;P5;60000008;;60000008;;20022PD005;;OK;S - 06 023: Standard PO 4500031561 changed | I - KI 339: Profit center was set to L2002005 | W - ME 083: Enter Requester, customer
4500031545;10;C0;;C0;20014047;;20014047;;20022PD004;;OK;S - 06 023: Standard PO 4500031545 changed | I - KI 339: Profit center was set to L2002005 | W - ME 678: Purchase order unit L allows fewer decimal places only | W - ME 083: Enter Requester, customer
4500031529;10;E3;;E3;1000475;;1000475;;20011PI019;;OK;S - 06 023: Standard PO 4500031529 changed | W - ME 083: Enter Requester, customer
4500031523;10;F4;;F4;1000605;;1000605;;20101PD015;;OK;S - 06 023: Standard PO 4500031523 changed | I - KI 339: Profit center was set to L2010002 | W - ME 083: Enter Requester, customer
4500031520;10;F4;;F4;1000605;;1000605;;20101PD015;;OK;S - 06 023: Standard PO 4500031520 changed | I - KI 339: Profit center was set to L2010002 | W - ME 083: Enter Requester, customer
4500031517;10;F4;;F4;1000605;;1000605;;20101PD015;;OK;S - 06 023: Standard PO 4500031517 changed | I - KI 339: Profit center was set to L2010002 | W - ME 083: Enter Requester, customer
4500031456;10;F4;;F4;1000784;;1000784;;20022PD002;;OK;S - 06 023: Standard PO 4500031456 changed | I - KI 339: Profit center was set to L2002005 | W - 06 081: Conversion between PC and KG effected using factor 1 | W - ME 083: Enter Requester, customer
4500031453;10;F4;;F4;1000784;;1000784;;20022PD002;;OK;S - 06 023: Standard PO 4500031453 changed | I - KI 339: Profit center was set to L2002005 | W - 06 081: Conversion between PC and KG effected using factor 1 | W - ME 083: Enter Requester, customer
4500031449;10;F4;;F4;1000784;;1000784;;20022PD002;;OK;S - 06 023: Standard PO 4500031449 changed | I - KI 339: Profit center was set to L2002005 | W - 06 081: Conversion between PC and KG effected using factor 1 | W - ME 083: Enter Requester, customer
4500031446;10;F4;;F4;1000784;;1000784;;20022PD002;;OK;S - 06 023: Standard PO 4500031446 changed | I - KI 339: Profit center was set to L2002005 | W - 06 081: Conversion between PC and KG effected using factor 1 | W - ME 083: Enter Requester, customer
4500031443;10;F4;;F4;1000784;;1000784;;20022PD002;;OK;S - 06 023: Standard PO 4500031443 changed | I - KI 339: Profit center was set to L2002005 | W - 06 081: Conversion between PC and KG effected using factor 1 | W - ME 083: Enter Requester, customer
4500031440;10;F4;;F4;1000784;;1000784;;20022PD002;;OK;S - 06 023: Standard PO 4500031440 changed | I - KI 339: Profit center was set to L2002005 | W - 06 081: Conversion between PC and KG effected using factor 1 | W - ME 083: Enter Requester, customer
4500031437;10;F5;;F5;1000784;;1000784;;20022PD002;;OK;S - 06 023: Standard PO 4500031437 changed | I - KI 339: Profit center was set to L2002005 | W - 06 081: Conversion between PC and KG effected using factor 1 | W - ME 083: Enter Requester, customer
4500031434;10;F5;;F5;1000784;;1000784;;20022PD002;;OK;S - 06 023: Standard PO 4500031434 changed | I - KI 339: Profit center was set to L2002005 | W - 06 081: Conversion between PC and KG effected using factor 1 | W - ME 083: Enter Requester, customer
4500031430;10;F5;;F5;1000784;;1000784;;20022PD002;;OK;S - 06 023: Standard PO 4500031430 changed | I - KI 339: Profit center was set to L2002005 | W - 06 081: Conversion between PC and KG effected using factor 1 | W - ME 083: Enter Requester, customer
4500031427;10;F5;;F5;1000784;;1000784;;20022PD002;;OK;S - 06 023: Standard PO 4500031427 changed | I - KI 339: Profit center was set to L2002005 | W - 06 081: Conversion between PC and KG effected using factor 1 | W - ME 083: Enter Requester, customer
4500031424;10;F5;;F5;1000784;;1000784;;20022PD002;;OK;S - 06 023: Standard PO 4500031424 changed | W - 06 081: Conversion between PC and KG effected using factor 1 | W - ME 083: Enter Requester, customer | I - KI 339: Profit center was set to L2002005
4500031421;10;F4;;F4;1000784;;1000784;;20022PD002;;OK;S - 06 023: Standard PO 4500031421 changed | I - KI 339: Profit center was set to L2002005 | W - 06 081: Conversion between PC and KG effected using factor 1 | W - ME 083: Enter Requester, customer
4500031418;10;F4;;F4;1000784;;1000784;;20022PD002;;OK;S - 06 023: Standard PO 4500031418 changed | I - KI 339: Profit center was set to L2002005 | W - 06 081: Conversion between PC and KG effected using factor 1 | W - ME 083: Enter Requester, customer
4500031414;10;F4;;F4;1000784;;1000784;;20022PD002;;OK;S - 06 023: Standard PO 4500031414 changed | W - 06 081: Conversion between PC and KG effected using factor 1 | W - ME 083: Enter Requester, customer | I - KI 339: Profit center was set to L2002005
4500031411;10;P5;;P5;60000684;;60000684;;20022PD002;;OK;S - 06 023: Standard PO 4500031411 changed | I - KI 339: Profit center was set to L2002005 | W - 06 081: Conversion between PC and KG effected using factor 1 | W - ME 083: Enter Requester, customer
4500031408;10;F4;;F4;1000784;;1000784;;20022PD002;;OK;S - 06 023: Standard PO 4500031408 changed | I - KI 339: Profit center was set to L2002005 | W - 06 081: Conversion between PC and KG effected using factor 1 | W - ME 083: Enter Requester, customer
4500031405;10;F4;;F4;1000784;;1000784;;20022PD002;;OK;S - 06 023: Standard PO 4500031405 changed | W - 06 081: Conversion between PC and KG effected using factor 1 | W - ME 083: Enter Requester, customer | I - KI 339: Profit center was set to L2002005
4500031402;10;F4;;F4;1000784;;1000784;;20022PD002;;OK;S - 06 023: Standard PO 4500031402 changed | I - KI 339: Profit center was set to L2002005 | W - 06 081: Conversion between PC and KG effected using factor 1 | W - ME 083: Enter Requester, customer
4500031398;10;F4;;F4;1000784;;1000784;;20022PD002;;OK;S - 06 023: Standard PO 4500031398 changed | I - KI 339: Profit center was set to L2002005 | W - 06 081: Conversion between PC and KG effected using factor 1 | W - ME 083: Enter Requester, customer
4500031395;10;F4;;F4;1000784;;1000784;;20022PD002;;OK;S - 06 023: Standard PO 4500031395 changed | W - 06 081: Conversion between PC and KG effected using factor 1 | W - ME 083: Enter Requester, customer | I - KI 339: Profit center was set to L2002005
4500031392;10;F4;;F4;1000784;;1000784;;20022PD002;;OK;S - 06 023: Standard PO 4500031392 changed | I - KI 339: Profit center was set to L2002005 | W - 06 081: Conversion between PC and KG effected using factor 1 | W - ME 083: Enter Requester, customer
4500031389;10;F5;;F5;1000784;;1000784;;20022PD002;;OK;S - 06 023: Standard PO 4500031389 changed | I - KI 339: Profit center was set to L2002005 | W - 06 081: Conversion between PC and KG effected using factor 1 | W - ME 083: Enter Requester, customer
4500031386;10;F5;;F5;1000784;;1000784;;20022PD002;;OK;S - 06 023: Standard PO 4500031386 changed | W - 06 081: Conversion between PC and KG effected using factor 1 | W - ME 083: Enter Requester, customer | I - KI 339: Profit center was set to L2002005
4500031382;10;F4;;F4;1000784;;1000784;;20022PD002;;OK;S - 06 023: Standard PO 4500031382 changed | I - KI 339: Profit center was set to L2002005 | W - FCO_AVC_CC 202: There is no budget available for cost center 20022PD002. | W - 06 081: Conversion between PC and KG effected using factor 1 | W - ME 083: Enter Requester, customer
4500031379;10;F5;;F5;1000784;;1000784;;20022PD002;;OK;S - 06 023: Standard PO 4500031379 changed | I - KI 339: Profit center was set to L2002005 | W - 06 081: Conversion between PC and KG effected using factor 1 | W - ME 083: Enter Requester, customer
4500031376;10;F4;;F4;1000784;;1000784;;20022PD002;;OK;S - 06 023: Standard PO 4500031376 changed | I - KI 339: Profit center was set to L2002005 | W - 06 081: Conversion between PC and KG effected using factor 1 | W - ME 083: Enter Requester, customer
4500031373;10;F4;;F4;1000784;;1000784;;20022PD002;;OK;S - 06 023: Standard PO 4500031373 changed | I - KI 339: Profit center was set to L2002005 | W - 06 081: Conversion between PC and KG effected using factor 1 | W - ME 083: Enter Requester, customer
4500031370;10;F4;;F4;1000784;;1000784;;20022PD002;;OK;S - 06 023: Standard PO 4500031370 changed | I - KI 339: Profit center was set to L2002005 | W - 06 081: Conversion between PC and KG effected using factor 1 | W - ME 083: Enter Requester, customer
4500031366;10;F4;;F4;1000784;;1000784;;20022PD002;;OK;S - 06 023: Standard PO 4500031366 changed | W - 06 081: Conversion between PC and KG effected using factor 1 | W - ME 083: Enter Requester, customer | I - KI 339: Profit center was set to L2002005
4500031363;10;F4;;F4;1000784;;1000784;;20022PD002;;OK;S - 06 023: Standard PO 4500031363 changed | W - 06 081: Conversion between PC and KG effected using factor 1 | W - ME 083: Enter Requester, customer | I - KI 339: Profit center was set to L2002005
4500031360;10;F4;;F4;1000784;;1000784;;20022PD002;;OK;S - 06 023: Standard PO 4500031360 changed | I - KI 339: Profit center was set to L2002005 | W - 06 081: Conversion between PC and KG effected using factor 1 | W - ME 083: Enter Requester, customer
4500031357;10;F5;;F5;1000784;;1000784;;20022PD002;;OK;S - 06 023: Standard PO 4500031357 changed | I - KI 339: Profit center was set to L2002005 | W - 06 081: Conversion between PC and KG effected using factor 1 | W - ME 083: Enter Requester, customer
4500031354;10;F5;;F5;1000784;;1000784;;20022PD002;;OK;S - 06 023: Standard PO 4500031354 changed | I - KI 339: Profit center was set to L2002005 | W - 06 081: Conversion between PC and KG effected using factor 1 | W - ME 083: Enter Requester, customer
4500031350;10;F4;;F4;1000784;;1000784;;20022PD002;;OK;S - 06 023: Standard PO 4500031350 changed | I - KI 339: Profit center was set to L2002005 | W - 06 081: Conversion between PC and KG effected using factor 1 | W - ME 083: Enter Requester, customer
4500031347;10;F4;;F4;1000784;;1000784;;20022PD002;;OK;S - 06 023: Standard PO 4500031347 changed | I - KI 339: Profit center was set to L2002005 | W - 06 081: Conversion between PC and KG effected using factor 1 | W - ME 083: Enter Requester, customer
4500031344;10;F4;;F4;1000784;;1000784;;20022PD002;;OK;S - 06 023: Standard PO 4500031344 changed | I - KI 339: Profit center was set to L2002005 | W - 06 081: Conversion between PC and KG effected using factor 1 | W - ME 083: Enter Requester, customer
4500031341;10;F4;;F4;1000784;;1000784;;20022PD002;;OK;S - 06 023: Standard PO 4500031341 changed | I - KI 339: Profit center was set to L2002005 | W - 06 081: Conversion between PC and KG effected using factor 1 | W - ME 083: Enter Requester, customer
4500031328;10;F4;;F4;1000472;;1000472;;20101CI001;;OK;S - 06 023: Standard PO 4500031328 changed | I - KI 339: Profit center was set to L2010002 | W - ME 083: Enter Requester, customer
4500031325;10;F4;;F4;1000472;;1000472;;20101CI001;;OK;S - 06 023: Standard PO 4500031325 changed | I - KI 339: Profit center was set to L2010002 | W - ME 083: Enter Requester, customer
4500031309;10;F4;;F4;1000608;;1000608;;20111PD011;;OK;S - 06 023: Standard PO 4500031309 changed | I - KI 339: Profit center was set to L2011002 | W - 06 081: Conversion between PC and KG effected using factor 1 | W - ME 083: Enter Requester, customer
4500031299;10;F4;;F4;1000608;;1000608;;20111PD001;;OK;S - 06 023: Standard PO 4500031299 changed | I - KI 339: Profit center was set to L2011002 | W - 06 081: Conversion between PC and KG effected using factor 1 | W - ME 083: Enter Requester, customer
4500031184;10;P4;;P4;60000506;;60000506;;20151CD008;;OK;S - 06 023: Standard PO 4500031184 changed | I - KI 339: Profit center was set to L2015001 | W - ME 083: Enter Requester, customer
4500031181;10;P4;;P4;60000506;;60000506;;20151CD008;;OK;S - 06 023: Standard PO 4500031181 changed | I - KI 339: Profit center was set to L2015001 | W - ME 083: Enter Requester, customer
4500031168;10;F4;;F4;1000472;;1000472;;20101CI001;;OK;S - 06 023: Standard PO 4500031168 changed | W - ME 083: Enter Requester, customer | I - KI 339: Profit center was set to L2010002
4500031127;10;F4;;F4;1000472;;1000472;;20101CI001;;OK;S - 06 023: Standard PO 4500031127 changed | W - ME 083: Enter Requester, customer | I - KI 339: Profit center was set to L2010002
4500031101;10;C0;;C0;1000524;;1000524;;20011AD019;;OK;S - 06 023: Standard PO 4500031101 changed | W - ME 083: Enter Requester, customer
4500031098;10;P0;;P0;60000009;;60000009;;20011AD024;;OK;S - 06 023: Standard PO 4500031098 changed | W - ME 083: Enter Requester, customer
4500031082;10;F4;;F4;1000608;;1000608;;20111PD023;;OK;S - 06 023: Standard PO 4500031082 changed | I - KI 339: Profit center was set to L2011002 | W - 06 081: Conversion between PC and KG effected using factor 1 | W - ME 083: Enter Requester, customer
4500031069;10;F4;;F4;1000608;;1000608;;20111PD009;;OK;S - 06 023: Standard PO 4500031069 changed | I - KI 339: Profit center was set to L2011002 | W - 06 081: Conversion between PC and KG effected using factor 1 | W - ME 083: Enter Requester, customer
4500031060;10;F4;;F4;1000608;;1000608;;20111PD001;;OK;S - 06 023: Standard PO 4500031060 changed | I - KI 339: Profit center was set to L2011002 | W - 06 081: Conversion between PC and KG effected using factor 1 | W - ME 083: Enter Requester, customer
4500031057;10;F4;;F4;1000608;;1000608;;20111PD003;;OK;S - 06 023: Standard PO 4500031057 changed | I - KI 339: Profit center was set to L2011002 | W - 06 081: Conversion between PC and KG effected using factor 1 | W - ME 083: Enter Requester, customer
4500031018;10;F2;;F2;1000471;;1000471;;20091PD011;;OK;S - 06 023: Standard PO 4500031018 changed | I - KI 339: Profit center was set to L2009002 | W - ME 083: Enter Requester, customer
4500030903;10;C0;;C0;20000500;;20000500;;20011AD015;;OK;S - 06 023: Standard PO 4500030903 changed | W - ME 083: Enter Requester, customer
4500030887;10;C0;;C0;20012312;;20012312;;20012PD006;;OK;S - 06 023: Standard PO 4500030887 changed | I - KI 339: Profit center was set to L2001002 | W - ME 083: Enter Requester, customer
4500030849;10;C1;;C1;20012326;;20012326;;20012PD006;;OK;S - 06 023: Standard PO 4500030849 changed | I - KI 339: Profit center was set to L2001002 | W - ME 083: Enter Requester, customer
4500030833;10;C0;;C0;20014047;;20014047;;20111PI002;;OK;S - 06 023: Standard PO 4500030833 changed | W - 06 203: Order value 9.266,48 BRL below minimum order value | I - KI 339: Profit center was set to L2011002 | W - ME 678: Purchase order unit L allows fewer decimal places only | W - ME 083: Enter Requester, customer
4500030830;10;C0;;C0;20014047;;20014047;;20111PI002;;OK;S - 06 023: Standard PO 4500030830 changed | I - KI 339: Profit center was set to L2011002 | W - ME 678: Purchase order unit L allows fewer decimal places only | W - ME 083: Enter Requester, customer
4500030827;10;C0;;C0;20014047;;20014047;;20111PI002;;OK;S - 06 023: Standard PO 4500030827 changed | I - KI 339: Profit center was set to L2011002 | W - ME 678: Purchase order unit L allows fewer decimal places only | W - ME 083: Enter Requester, customer
4500030814;10;C0;;C0;20014047;;20014047;;20111PI002;;OK;S - 06 023: Standard PO 4500030814 changed | I - KI 339: Profit center was set to L2011002 | W - ME 678: Purchase order unit L allows fewer decimal places only | W - ME 083: Enter Requester, customer
4500030808;10;F4;;F4;1000472;;1000472;;20101CI001;;OK;S - 06 023: Standard PO 4500030808 changed | I - KI 339: Profit center was set to L2010002 | W - ME 083: Enter Requester, customer
4500030804;10;F4;;F4;1000472;;1000472;;20101CI001;;OK;S - 06 023: Standard PO 4500030804 changed | I - KI 339: Profit center was set to L2010002 | W - ME 083: Enter Requester, customer
4500030766;10;P0;;P0;60000682;;60000682;;20011PD004;;OK;S - 06 023: Standard PO 4500030766 changed | W - ME 083: Enter Requester, customer
4500030753;10;C0;;C0;20014047;;20014047;;20011PI013;;OK;S - 06 023: Standard PO 4500030753 changed | W - ME 678: Purchase order unit L allows fewer decimal places only | W - ME 083: Enter Requester, customer
4500030744;10;F4;;F4;1000474;;1000474;;20011PD004;;OK;S - 06 023: Standard PO 4500030744 changed | W - ME 083: Enter Requester, customer
4500030734;10;C0;;C0;20014047;;20014047;;20022PD004;;OK;S - 06 023: Standard PO 4500030734 changed | I - KI 339: Profit center was set to L2002005 | W - ME 678: Purchase order unit L allows fewer decimal places only | W - ME 083: Enter Requester, customer
4500030725;10;F4;;F4;1000784;;1000784;;20022PD002;;OK;S - 06 023: Standard PO 4500030725 changed | I - KI 339: Profit center was set to L2002005 | W - 06 081: Conversion between PC and KG effected using factor 1 | W - ME 083: Enter Requester, customer
4500030721;10;F4;;F4;1000784;;1000784;;20022PD002;;OK;S - 06 023: Standard PO 4500030721 changed | I - KI 339: Profit center was set to L2002005 | W - 06 081: Conversion between PC and KG effected using factor 1 | W - ME 083: Enter Requester, customer
4500030718;10;F4;;F4;1000784;;1000784;;20022PD002;;OK;S - 06 023: Standard PO 4500030718 changed | I - KI 339: Profit center was set to L2002005 | W - 06 081: Conversion between PC and KG effected using factor 1 | W - ME 083: Enter Requester, customer
4500030715;10;F4;;F4;1000784;;1000784;;20022PD002;;OK;S - 06 023: Standard PO 4500030715 changed | W - 06 081: Conversion between PC and KG effected using factor 1 | W - ME 083: Enter Requester, customer | I - KI 339: Profit center was set to L2002005
4500030712;10;F5;;F5;1000784;;1000784;;20022PD002;;OK;S - 06 023: Standard PO 4500030712 changed | I - KI 339: Profit center was set to L2002005 | W - 06 081: Conversion between PC and KG effected using factor 1 | W - ME 083: Enter Requester, customer
4500030709;10;F5;;F5;1000784;;1000784;;20022PD002;;OK;S - 06 023: Standard PO 4500030709 changed | I - KI 339: Profit center was set to L2002005 | W - 06 081: Conversion between PC and KG effected using factor 1 | W - ME 083: Enter Requester, customer
4500030705;10;F5;;F5;1000784;;1000784;;20022PD002;;OK;S - 06 023: Standard PO 4500030705 changed | I - KI 339: Profit center was set to L2002005 | W - 06 081: Conversion between PC and KG effected using factor 1 | W - ME 083: Enter Requester, customer
4500030702;10;F5;;F5;1000784;;1000784;;20022PD002;;OK;S - 06 023: Standard PO 4500030702 changed | I - KI 339: Profit center was set to L2002005 | W - 06 081: Conversion between PC and KG effected using factor 1 | W - ME 083: Enter Requester, customer
4500030699;10;F5;;F5;1000784;;1000784;;20022PD002;;OK;S - 06 023: Standard PO 4500030699 changed | I - KI 339: Profit center was set to L2002005 | W - 06 081: Conversion between PC and KG effected using factor 1 | W - ME 083: Enter Requester, customer
4500030696;10;F5;;F5;1000784;;1000784;;20022PD002;;OK;S - 06 023: Standard PO 4500030696 changed | I - KI 339: Profit center was set to L2002005 | W - 06 081: Conversion between PC and KG effected using factor 1 | W - ME 083: Enter Requester, customer
4500030693;10;F4;;F4;1000784;;1000784;;20022PD002;;OK;S - 06 023: Standard PO 4500030693 changed | I - KI 339: Profit center was set to L2002005 | W - 06 081: Conversion between PC and KG effected using factor 1 | W - ME 083: Enter Requester, customer
4500030689;10;F4;;F4;1000784;;1000784;;20022PD002;;OK;S - 06 023: Standard PO 4500030689 changed | I - KI 339: Profit center was set to L2002005 | W - 06 081: Conversion between PC and KG effected using factor 1 | W - ME 083: Enter Requester, customer
4500030686;10;F4;;F4;1000784;;1000784;;20022PD002;;OK;S - 06 023: Standard PO 4500030686 changed | I - KI 339: Profit center was set to L2002005 | W - 06 081: Conversion between PC and KG effected using factor 1 | W - ME 083: Enter Requester, customer
4500030683;10;F4;;F4;1000784;;1000784;;20022PD002;;OK;S - 06 023: Standard PO 4500030683 changed | W - 06 081: Conversion between PC and KG effected using factor 1 | W - ME 083: Enter Requester, customer | I - KI 339: Profit center was set to L2002005
4500030680;10;F4;;F4;1000784;;1000784;;20022PD002;;OK;S - 06 023: Standard PO 4500030680 changed | W - 06 081: Conversion between PC and KG effected using factor 1 | W - ME 083: Enter Requester, customer | I - KI 339: Profit center was set to L2002005
4500030677;10;F4;;F4;1000784;;1000784;;20022PD002;;OK;S - 06 023: Standard PO 4500030677 changed | I - KI 339: Profit center was set to L2002005 | W - 06 081: Conversion between PC and KG effected using factor 1 | W - ME 083: Enter Requester, customer
4500030673;10;F4;;F4;1000784;;1000784;;20022PD002;;OK;S - 06 023: Standard PO 4500030673 changed | I - KI 339: Profit center was set to L2002005 | W - 06 081: Conversion between PC and KG effected using factor 1 | W - ME 083: Enter Requester, customer
4500030670;10;F5;;F5;1000784;;1000784;;20022PD002;;OK;S - 06 023: Standard PO 4500030670 changed | I - KI 339: Profit center was set to L2002005 | W - 06 081: Conversion between PC and KG effected using factor 1 | W - ME 083: Enter Requester, customer
4500030664;10;F5;;F5;1000784;;1000784;;20022PD002;;OK;S - 06 023: Standard PO 4500030664 changed | I - KI 339: Profit center was set to L2002005 | W - 06 081: Conversion between PC and KG effected using factor 1 | W - ME 083: Enter Requester, customer
4500030661;10;F5;;F5;1000784;;1000784;;20022PD002;;OK;S - 06 023: Standard PO 4500030661 changed | I - KI 339: Profit center was set to L2002005 | W - 06 081: Conversion between PC and KG effected using factor 1 | W - ME 083: Enter Requester, customer
4500030657;10;F4;;F4;1000784;;1000784;;20022PD002;;OK;S - 06 023: Standard PO 4500030657 changed | I - KI 339: Profit center was set to L2002005 | W - 06 081: Conversion between PC and KG effected using factor 1 | W - ME 083: Enter Requester, customer
4500030654;10;F5;;F5;1000784;;1000784;;20022PD002;;OK;S - 06 023: Standard PO 4500030654 changed | I - KI 339: Profit center was set to L2002005 | W - 06 081: Conversion between PC and KG effected using factor 1 | W - ME 083: Enter Requester, customer
4500030651;10;F4;;F4;1000784;;1000784;;20022PD002;;OK;S - 06 023: Standard PO 4500030651 changed | I - KI 339: Profit center was set to L2002005 | W - 06 081: Conversion between PC and KG effected using factor 1 | W - ME 083: Enter Requester, customer
4500030648;10;F4;;F4;1000784;;1000784;;20022PD002;;OK;S - 06 023: Standard PO 4500030648 changed | I - KI 339: Profit center was set to L2002005 | W - 06 081: Conversion between PC and KG effected using factor 1 | W - ME 083: Enter Requester, customer
4500030642;10;F4;;F4;1000784;;1000784;;20022PD002;;OK;S - 06 023: Standard PO 4500030642 changed | I - KI 339: Profit center was set to L2002005 | W - FCO_AVC_CC 201: The budget tolerance limit of 100,00% for cost center 20022PD002, ORC_CC~ORC_IIND_V has been reached. | W - 06 081: Conversion between PC and KG effected using factor 1 | W - ME 083: Enter Requester, customer
4500030638;10;F4;;F4;1000784;;1000784;;20022PD002;;OK;S - 06 023: Standard PO 4500030638 changed | I - KI 339: Profit center was set to L2002005 | W - 06 081: Conversion between PC and KG effected using factor 1 | W - ME 083: Enter Requester, customer
4500030635;10;F4;;F4;1000784;;1000784;;20022PD002;;OK;S - 06 023: Standard PO 4500030635 changed | I - KI 339: Profit center was set to L2002005 | W - 06 081: Conversion between PC and KG effected using factor 1 | W - ME 083: Enter Requester, customer
4500030632;10;F4;;F4;1000784;;1000784;;20022PD002;;OK;S - 06 023: Standard PO 4500030632 changed | I - KI 339: Profit center was set to L2002005 | W - 06 081: Conversion between PC and KG effected using factor 1 | W - ME 083: Enter Requester, customer
4500030629;10;F4;;F4;1000784;;1000784;;20022PD002;;OK;S - 06 023: Standard PO 4500030629 changed | I - KI 339: Profit center was set to L2002005 | W - 06 081: Conversion between PC and KG effected using factor 1 | W - ME 083: Enter Requester, customer
4500030626;10;F4;;F4;1000784;;1000784;;20022PD002;;OK;S - 06 023: Standard PO 4500030626 changed | I - KI 339: Profit center was set to L2002005 | W - 06 081: Conversion between PC and KG effected using factor 1 | W - ME 083: Enter Requester, customer
4500030622;10;F4;;F4;1000784;;1000784;;20022PD002;;OK;S - 06 023: Standard PO 4500030622 changed | I - KI 339: Profit center was set to L2002005 | W - 06 081: Conversion between PC and KG effected using factor 1 | W - ME 083: Enter Requester, customer
4500030619;10;F4;;F4;1000784;;1000784;;20022PD002;;OK;S - 06 023: Standard PO 4500030619 changed | I - KI 339: Profit center was set to L2002005 | W - 06 081: Conversion between PC and KG effected using factor 1 | W - ME 083: Enter Requester, customer
4500030616;10;F4;;F4;1000784;;1000784;;20022PD002;;OK;S - 06 023: Standard PO 4500030616 changed | I - KI 339: Profit center was set to L2002005 | W - 06 081: Conversion between PC and KG effected using factor 1 | W - ME 083: Enter Requester, customer
4500030613;10;F4;;F4;1000784;;1000784;;20022PD002;;OK;S - 06 023: Standard PO 4500030613 changed | I - KI 339: Profit center was set to L2002005 | W - 06 081: Conversion between PC and KG effected using factor 1 | W - ME 083: Enter Requester, customer
4500030610;10;F5;;F5;1000784;;1000784;;20022PD002;;OK;S - 06 023: Standard PO 4500030610 changed | I - KI 339: Profit center was set to L2002005 | W - 06 081: Conversion between PC and KG effected using factor 1 | W - ME 083: Enter Requester, customer
4500030606;10;P5;;P5;60000684;;60000684;;20022PD002;;OK;S - 06 023: Standard PO 4500030606 changed | I - KI 339: Profit center was set to L2002005 | W - 06 081: Conversion between PC and KG effected using factor 1 | W - ME 083: Enter Requester, customer
4500030514;10;C0;;C0;20008437;;20008437;;20013PI001;;OK;S - 06 023: Standard PO 4500030514 changed | I - KI 339: Profit center was set to L2001003 | W - FCO_AVC_CC 201: The budget tolerance limit of 100,00% for cost center 20013PI001, ORC_CC~ORC_VEIC has been reached. | W - ME 678: Purchase order unit L allows fewer decimal places only | W - ME 083: Enter Requester, customer
4500030511;10;P5;;P5;60000389;;60000389;;20151AD015;;OK;S - 06 022: No data changed | I - ME 664: Change Cost Center could not be effected
4500030504;10;C0;;C0;20014047;;20014047;;20011PI034;;OK;S - 06 023: Standard PO 4500030504 changed | W - ME 678: Purchase order unit L allows fewer decimal places only | W - ME 083: Enter Requester, customer
4500030501;10;C0;;C0;20014047;;20014047;;20011AD001;;OK;S - 06 023: Standard PO 4500030501 changed | W - ME 678: Purchase order unit L allows fewer decimal places only | W - ME 083: Enter Requester, customer
4500030479;10;P0;;P0;60000682;;60000682;;20011PD004;;OK;S - 06 023: Standard PO 4500030479 changed | W - ME 083: Enter Requester, customer
4500030472;10;F4;;F4;1000474;;1000474;;20011PD004;;OK;S - 06 023: Standard PO 4500030472 changed | W - ME 083: Enter Requester, customer
4500030469;10;P4;;P4;60000002;;60000002;;20011PD004;;OK;S - 06 023: Standard PO 4500030469 changed | W - ME 083: Enter Requester, customer
4500030450;10;CF;;CF;20012158;;20012158;;20011PI024;;OK;S - 06 023: Standard PO 4500030450 changed | W - ME 083: Enter Requester, customer
4500030443;10;E2;;E2;1000475;;1000475;;20151AD015;;OK;S - 06 023: Standard PO 4500030443 changed | W - ME 083: Enter Requester, customer | I - KI 339: Profit center was set to L2015001
4500030437;10;F4;;F4;1000608;;1000608;;20091PD014;;OK;S - 06 023: Standard PO 4500030437 changed | I - KI 339: Profit center was set to L2009002 | W - 06 081: Conversion between PC and KG effected using factor 1 | W - ME 083: Enter Requester, customer
4500030431;10;E3;;E3;1000475;;1000475;;20151AD015;;OK;S - 06 023: Standard PO 4500030431 changed | I - KI 339: Profit center was set to L2015001 | W - ME 083: Enter Requester, customer
4500030290;10;F4;;F4;1000605;;1000605;;20101PD015;;OK;S - 06 023: Standard PO 4500030290 changed | I - KI 339: Profit center was set to L2010002 | W - ME 083: Enter Requester, customer
4500030271;10;F4;;F4;1000474;;1000474;;20011PD004;;OK;S - 06 023: Standard PO 4500030271 changed | W - ME 083: Enter Requester, customer
4500030268;10;F4;;F4;1000474;;1000474;;20011PD004;;OK;S - 06 023: Standard PO 4500030268 changed | W - ME 083: Enter Requester, customer
4500030265;10;F4;;F4;1000474;;1000474;;20011PD004;;OK;S - 06 023: Standard PO 4500030265 changed | W - ME 083: Enter Requester, customer
4500030261;10;F4;;F4;1000784;;1000784;;20022PD002;;OK;S - 06 023: Standard PO 4500030261 changed | I - KI 339: Profit center was set to L2002005 | W - FCO_AVC_CC 202: There is no budget available for cost center 20022PD002. | W - 06 081: Conversion between PC and KG effected using factor 1 | W - ME 083: Enter Requester, customer
4500030258;10;F4;;F4;1000784;;1000784;;20022PD002;;OK;S - 06 023: Standard PO 4500030258 changed | I - KI 339: Profit center was set to L2002005 | W - FCO_AVC_CC 202: There is no budget available for cost center 20022PD002. | W - 06 081: Conversion between PC and KG effected using factor 1 | W - ME 083: Enter Requester, customer
4500030255;10;F5;;F5;1000784;;1000784;;20022PD002;;OK;S - 06 023: Standard PO 4500030255 changed | W - 06 081: Conversion between PC and KG effected using factor 1 | W - ME 083: Enter Requester, customer | I - KI 339: Profit center was set to L2002005
4500030252;10;F4;;F4;1000784;;1000784;;20022PD002;;OK;S - 06 023: Standard PO 4500030252 changed | I - KI 339: Profit center was set to L2002005 | W - 06 081: Conversion between PC and KG effected using factor 1 | W - ME 083: Enter Requester, customer
4500030249;10;F4;;F4;1000784;;1000784;;20022PD002;;OK;S - 06 023: Standard PO 4500030249 changed | I - KI 339: Profit center was set to L2002005 | W - 06 081: Conversion between PC and KG effected using factor 1 | W - ME 083: Enter Requester, customer
4500030245;10;F4;;F4;1000784;;1000784;;20022PD002;;OK;S - 06 023: Standard PO 4500030245 changed | I - KI 339: Profit center was set to L2002005 | W - 06 081: Conversion between PC and KG effected using factor 1 | W - ME 083: Enter Requester, customer
4500030242;10;F5;;F5;1000784;;1000784;;20022PD002;;OK;S - 06 023: Standard PO 4500030242 changed | I - KI 339: Profit center was set to L2002005 | W - 06 081: Conversion between PC and KG effected using factor 1 | W - ME 083: Enter Requester, customer
4500030239;10;F4;;F4;1000784;;1000784;;20022PD002;;OK;S - 06 023: Standard PO 4500030239 changed | I - KI 339: Profit center was set to L2002005 | W - 06 081: Conversion between PC and KG effected using factor 1 | W - ME 083: Enter Requester, customer
4500030236;10;F4;;F4;1000472;;1000472;;20101CI001;;OK;S - 06 023: Standard PO 4500030236 changed | I - KI 339: Profit center was set to L2010002 | W - ME 083: Enter Requester, customer
4500030233;10;P4;;P4;60000004;;60000004;;20021PD002;;OK;S - 06 023: Standard PO 4500030233 changed | I - KI 339: Profit center was set to L2002001 | W - ME 083: Enter Requester, customer
4500030230;10;P5;;P5;60000684;;60000684;;20022PD002;;OK;S - 06 023: Standard PO 4500030230 changed | I - KI 339: Profit center was set to L2002005 | W - 06 081: Conversion between PC and KG effected using factor 1 | W - ME 083: Enter Requester, customer
4500030226;10;P5;;P5;60000684;;60000684;;20022PD002;;OK;S - 06 023: Standard PO 4500030226 changed | I - KI 339: Profit center was set to L2002005 | W - 06 081: Conversion between PC and KG effected using factor 1 | W - ME 083: Enter Requester, customer
4500030223;10;P5;;P5;60000684;;60000684;;20022PD002;;OK;S - 06 023: Standard PO 4500030223 changed | W - 06 081: Conversion between PC and KG effected using factor 1 | W - ME 083: Enter Requester, customer | I - KI 339: Profit center was set to L2002005
4500030217;10;P5;;P5;60000684;;60000684;;20022PD002;;OK;S - 06 023: Standard PO 4500030217 changed | W - 06 081: Conversion between PC and KG effected using factor 1 | W - ME 083: Enter Requester, customer | I - KI 339: Profit center was set to L2002005
4500030207;10;P5;;P5;60000684;;60000684;;20022PD002;;OK;S - 06 023: Standard PO 4500030207 changed | I - KI 339: Profit center was set to L2002005 | W - 06 081: Conversion between PC and KG effected using factor 1 | W - ME 083: Enter Requester, customer
4500030204;10;P5;;P5;60000684;;60000684;;20022PD002;;OK;S - 06 023: Standard PO 4500030204 changed | I - KI 339: Profit center was set to L2002005 | W - 06 081: Conversion between PC and KG effected using factor 1 | W - ME 083: Enter Requester, customer
4500030201;10;P5;;P5;60000684;;60000684;;20022PD002;;OK;S - 06 023: Standard PO 4500030201 changed | I - KI 339: Profit center was set to L2002005 | W - ME 083: Enter Requester, customer
4500030194;10;C3;;C3;20014469;;20014469;;20022PD005;;OK;S - 06 023: Standard PO 4500030194 changed | I - KI 339: Profit center was set to L2002005 | W - ME 083: Enter Requester, customer
4500030182;10;F4;;F4;1000472;;1000472;;20022PD005;;OK;S - 06 023: Standard PO 4500030182 changed | I - KI 339: Profit center was set to L2002005 | W - ME 083: Enter Requester, customer
4500029929;10;F4;;F4;1000608;;1000608;;20091PD014;;OK;S - 06 023: Standard PO 4500029929 changed | I - KI 339: Profit center was set to L2009002 | W - 06 081: Conversion between PC and KG effected using factor 1 | W - ME 083: Enter Requester, customer
4500029926;10;F4;;F4;1000605;;1000605;;20101PD015;;OK;S - 06 023: Standard PO 4500029926 changed | I - KI 339: Profit center was set to L2010002 | W - ME 083: Enter Requester, customer
4500029923;10;F5;;F5;1000784;;1000784;;20022PD002;;OK;S - 06 023: Standard PO 4500029923 changed | I - KI 339: Profit center was set to L2002005 | W - 06 081: Conversion between PC and KG effected using factor 1 | W - ME 083: Enter Requester, customer
4500029920;10;F4;;F4;1000784;;1000784;;20022PD002;;OK;S - 06 023: Standard PO 4500029920 changed | I - KI 339: Profit center was set to L2002005 | W - 06 081: Conversion between PC and KG effected using factor 1 | W - ME 083: Enter Requester, customer
4500029917;10;F4;;F4;1000784;;1000784;;20022PD002;;OK;S - 06 023: Standard PO 4500029917 changed | I - KI 339: Profit center was set to L2002005 | W - 06 081: Conversion between PC and KG effected using factor 1 | W - ME 083: Enter Requester, customer
4500029913;10;F4;;F4;1000784;;1000784;;20022PD002;;OK;S - 06 023: Standard PO 4500029913 changed | I - KI 339: Profit center was set to L2002005 | W - 06 081: Conversion between PC and KG effected using factor 1 | W - ME 083: Enter Requester, customer
4500029910;10;F4;;F4;1000784;;1000784;;20022PD002;;OK;S - 06 023: Standard PO 4500029910 changed | I - KI 339: Profit center was set to L2002005 | W - 06 081: Conversion between PC and KG effected using factor 1 | W - ME 083: Enter Requester, customer
4500029907;10;F5;;F5;1000784;;1000784;;20022PD002;;OK;S - 06 023: Standard PO 4500029907 changed | W - 06 081: Conversion between PC and KG effected using factor 1 | W - ME 083: Enter Requester, customer | I - KI 339: Profit center was set to L2002005
4500029904;10;F5;;F5;1000784;;1000784;;20022PD002;;OK;S - 06 023: Standard PO 4500029904 changed | I - KI 339: Profit center was set to L2002005 | W - 06 081: Conversion between PC and KG effected using factor 1 | W - ME 083: Enter Requester, customer
4500029901;10;F5;;F5;1000784;;1000784;;20022PD002;;OK;S - 06 023: Standard PO 4500029901 changed | I - KI 339: Profit center was set to L2002005 | W - 06 081: Conversion between PC and KG effected using factor 1 | W - ME 083: Enter Requester, customer
4500029897;10;F4;;F4;1000784;;1000784;;20022PD002;;OK;S - 06 023: Standard PO 4500029897 changed | I - KI 339: Profit center was set to L2002005 | W - 06 081: Conversion between PC and KG effected using factor 1 | W - ME 083: Enter Requester, customer
4500029894;10;F4;;F4;1000784;;1000784;;20022PD002;;OK;S - 06 023: Standard PO 4500029894 changed | W - 06 081: Conversion between PC and KG effected using factor 1 | W - ME 083: Enter Requester, customer | I - KI 339: Profit center was set to L2002005
4500029891;10;F5;;F5;1000784;;1000784;;20022PD002;;OK;S - 06 023: Standard PO 4500029891 changed | I - KI 339: Profit center was set to L2002005 | W - 06 081: Conversion between PC and KG effected using factor 1 | W - ME 083: Enter Requester, customer
4500029888;10;F5;;F5;1000784;;1000784;;20022PD002;;OK;S - 06 023: Standard PO 4500029888 changed | I - KI 339: Profit center was set to L2002005 | W - 06 081: Conversion between PC and KG effected using factor 1 | W - ME 083: Enter Requester, customer
4500029885;10;F4;;F4;1000784;;1000784;;20022PD002;;OK;S - 06 023: Standard PO 4500029885 changed | I - KI 339: Profit center was set to L2002005 | W - 06 081: Conversion between PC and KG effected using factor 1 | W - ME 083: Enter Requester, customer
4500029881;10;F4;;F4;1000784;;1000784;;20022PD002;;OK;S - 06 023: Standard PO 4500029881 changed | I - KI 339: Profit center was set to L2002005 | W - 06 081: Conversion between PC and KG effected using factor 1 | W - ME 083: Enter Requester, customer
4500029878;10;F5;;F5;1000784;;1000784;;20022PD002;;OK;S - 06 023: Standard PO 4500029878 changed | I - KI 339: Profit center was set to L2002005 | W - 06 081: Conversion between PC and KG effected using factor 1 | W - ME 083: Enter Requester, customer
4500029875;10;F5;;F5;1000784;;1000784;;20022PD002;;OK;S - 06 023: Standard PO 4500029875 changed | I - KI 339: Profit center was set to L2002005 | W - 06 081: Conversion between PC and KG effected using factor 1 | W - ME 083: Enter Requester, customer
4500029872;10;F4;;F4;1000784;;1000784;;20022PD002;;OK;S - 06 023: Standard PO 4500029872 changed | I - KI 339: Profit center was set to L2002005 | W - 06 081: Conversion between PC and KG effected using factor 1 | W - ME 083: Enter Requester, customer
4500029869;10;F4;;F4;1000784;;1000784;;20022PD002;;OK;S - 06 023: Standard PO 4500029869 changed | I - KI 339: Profit center was set to L2002005 | W - 06 081: Conversion between PC and KG effected using factor 1 | W - ME 083: Enter Requester, customer
4500029865;10;P5;;P5;60000684;;60000684;;20022PD002;;OK;S - 06 023: Standard PO 4500029865 changed | I - KI 339: Profit center was set to L2002005 | W - 06 081: Conversion between PC and KG effected using factor 1 | W - ME 083: Enter Requester, customer
4500029862;10;F4;;F4;1000608;;1000608;;20091PD014;;OK;S - 06 023: Standard PO 4500029862 changed | I - KI 339: Profit center was set to L2009002 | W - 06 081: Conversion between PC and KG effected using factor 1 | W - ME 083: Enter Requester, customer
4500029859;10;F4;;F4;1000608;;1000608;;20091PD011;;OK;S - 06 023: Standard PO 4500029859 changed | I - KI 339: Profit center was set to L2009002 | W - 06 081: Conversion between PC and KG effected using factor 1 | W - ME 083: Enter Requester, customer
4500029856;10;F4;;F4;1000784;;1000784;;20022PD002;;OK;S - 06 023: Standard PO 4500029856 changed | I - KI 339: Profit center was set to L2002005 | W - 06 081: Conversion between PC and KG effected using factor 1 | W - ME 083: Enter Requester, customer
4500029853;10;F5;;F5;1000784;;1000784;;20022PD002;;OK;S - 06 023: Standard PO 4500029853 changed | W - 06 081: Conversion between PC and KG effected using factor 1 | W - ME 083: Enter Requester, customer | I - KI 339: Profit center was set to L2002005
4500029849;10;F5;;F5;1000784;;1000784;;20022PD002;;OK;S - 06 023: Standard PO 4500029849 changed | I - KI 339: Profit center was set to L2002005 | W - 06 081: Conversion between PC and KG effected using factor 1 | W - ME 083: Enter Requester, customer
4500029846;10;F5;;F5;1000784;;1000784;;20022PD002;;OK;S - 06 023: Standard PO 4500029846 changed | I - KI 339: Profit center was set to L2002005 | W - 06 081: Conversion between PC and KG effected using factor 1 | W - ME 083: Enter Requester, customer
4500029843;10;F5;;F5;1000784;;1000784;;20022PD002;;OK;S - 06 023: Standard PO 4500029843 changed | I - KI 339: Profit center was set to L2002005 | W - 06 081: Conversion between PC and KG effected using factor 1 | W - ME 083: Enter Requester, customer
4500029840;10;F5;;F5;1000784;;1000784;;20022PD002;;OK;S - 06 023: Standard PO 4500029840 changed | I - KI 339: Profit center was set to L2002005 | W - 06 081: Conversion between PC and KG effected using factor 1 | W - ME 083: Enter Requester, customer
4500029837;10;P5;;P5;60000684;;60000684;;20022PD002;;OK;S - 06 023: Standard PO 4500029837 changed | I - KI 339: Profit center was set to L2002005 | W - 06 081: Conversion between PC and KG effected using factor 1 | W - ME 083: Enter Requester, customer
4500029814;10;F4;;F4;1000472;;1000472;;20022PD005;;OK;S - 06 023: Standard PO 4500029814 changed | I - KI 339: Profit center was set to L2002005 | W - ME 083: Enter Requester, customer
4500029811;10;F4;;F4;1000605;;1000605;;20101PD015;;OK;S - 06 023: Standard PO 4500029811 changed | I - KI 339: Profit center was set to L2010002 | W - ME 083: Enter Requester, customer
4500029808;10;F4;;F4;1000472;;1000472;;20022PD005;;OK;S - 06 023: Standard PO 4500029808 changed | I - KI 339: Profit center was set to L2002005 | W - ME 083: Enter Requester, customer
4500029805;10;F4;;F4;1000472;;1000472;;20022PD005;;OK;S - 06 023: Standard PO 4500029805 changed | I - KI 339: Profit center was set to L2002005 | W - ME 083: Enter Requester, customer
4500029802;10;F4;;F4;1000472;;1000472;;20022PD005;;OK;S - 06 023: Standard PO 4500029802 changed | I - KI 339: Profit center was set to L2002005 | W - ME 083: Enter Requester, customer
4500029798;10;CG;;CG;20012779;;20012779;;20011PI020;;OK;S - 06 023: Standard PO 4500029798 changed | W - ME 083: Enter Requester, customer
4500029645;10;F4;;F4;1000474;;1000474;;20011PD004;;OK;S - 06 023: Standard PO 4500029645 changed | W - 06 203: Order value 1.997.425,87 BRL below minimum order value | W - ME 083: Enter Requester, customer
4500029642;10;F4;;F4;1000474;;1000474;;20011PD004;;OK;S - 06 023: Standard PO 4500029642 changed | W - 06 203: Order value 1.997.259,66 BRL below minimum order value | W - ME 083: Enter Requester, customer
4500029639;10;F4;;F4;1000474;;1000474;;20011PD004;;OK;S - 06 023: Standard PO 4500029639 changed | W - 06 203: Order value 1.997.349,51 BRL below minimum order value | W - 06 072: Quantity smaller than invoiced quantity 2 | W - ME 083: Enter Requester, customer
4500029636;10;F4;;F4;1000474;;1000474;;20011PD004;;OK;S - 06 023: Standard PO 4500029636 changed | W - 06 203: Order value 1.997.349,51 BRL below minimum order value | W - ME 083: Enter Requester, customer
4500029632;10;F4;;F4;1000474;;1000474;;20011PD004;;OK;S - 06 023: Standard PO 4500029632 changed | W - 06 203: Order value 1.997.843,65 BRL below minimum order value | W - ME 083: Enter Requester, customer
4500029565;10;C0;;C0;20012794;;20012794;;20011PI007;;OK;S - 06 023: Standard PO 4500029565 changed | W - ME 083: Enter Requester, customer
4500029530;10;C0;;C0;20006177;;20006177;;20111PI002;;OK;S - 06 023: Standard PO 4500029530 changed | W - ME 083: Enter Requester, customer | I - KI 339: Profit center was set to L2011002
4500029527;10;C0;;C0;20001873;;20001873;;20151AD015;;OK;S - 06 023: Standard PO 4500029527 changed | W - ME 083: Enter Requester, customer | I - KI 339: Profit center was set to L2015001
4500029511;10;C0;;C0;20018461;;20018461;;20011PD021;;OK;S - 06 023: Standard PO 4500029511 changed | W - 06 203: Order value 42.048,00 BRL below minimum order value | W - ME 083: Enter Requester, customer
4500029469;10;C1;;C1;20006716;;20006716;;20011PI028;;OK;S - 06 023: Standard PO 4500029469 changed | W - ME 083: Enter Requester, customer
4500029450;10;CG;;CG;20013770;;20013770;;20081PI011;;OK;S - 06 023: Standard PO 4500029450 changed | I - KI 339: Profit center was set to L2008001 | W - 06 072: Quantity smaller than invoiced quantity 33 | W - ME 083: Enter Requester, customer
4500029441;10;F4;;F4;1000784;;1000784;;20022PD002;;OK;S - 06 023: Standard PO 4500029441 changed | I - KI 339: Profit center was set to L2002005 | W - 06 081: Conversion between PC and KG effected using factor 1 | W - ME 083: Enter Requester, customer
4500029437;10;F4;;F4;1000784;;1000784;;20022PD002;;OK;S - 06 023: Standard PO 4500029437 changed | I - KI 339: Profit center was set to L2002005 | W - 06 081: Conversion between PC and KG effected using factor 1 | W - ME 083: Enter Requester, customer
4500029434;10;F4;;F4;1000784;;1000784;;20022PD002;;OK;S - 06 023: Standard PO 4500029434 changed | I - KI 339: Profit center was set to L2002005 | W - 06 081: Conversion between PC and KG effected using factor 1 | W - ME 083: Enter Requester, customer
4500029431;10;F5;;F5;1000784;;1000784;;20022PD002;;OK;S - 06 023: Standard PO 4500029431 changed | I - KI 339: Profit center was set to L2002005 | W - 06 081: Conversion between PC and KG effected using factor 1 | W - ME 083: Enter Requester, customer
4500029428;10;F5;;F5;1000784;;1000784;;20022PD002;;OK;S - 06 023: Standard PO 4500029428 changed | I - KI 339: Profit center was set to L2002005 | W - 06 081: Conversion between PC and KG effected using factor 1 | W - ME 083: Enter Requester, customer
4500029425;10;F5;;F5;1000784;;1000784;;20022PD002;;OK;S - 06 023: Standard PO 4500029425 changed | I - KI 339: Profit center was set to L2002005 | W - 06 081: Conversion between PC and KG effected using factor 1 | W - ME 083: Enter Requester, customer
4500029422;10;F5;;F5;1000784;;1000784;;20022PD002;;OK;S - 06 023: Standard PO 4500029422 changed | I - KI 339: Profit center was set to L2002005 | W - 06 081: Conversion between PC and KG effected using factor 1 | W - ME 083: Enter Requester, customer
4500029418;10;F5;;F5;1000784;;1000784;;20022PD002;;OK;S - 06 023: Standard PO 4500029418 changed | I - KI 339: Profit center was set to L2002005 | W - 06 081: Conversion between PC and KG effected using factor 1 | W - ME 083: Enter Requester, customer
4500029415;10;F5;;F5;1000784;;1000784;;20022PD002;;OK;S - 06 023: Standard PO 4500029415 changed | I - KI 339: Profit center was set to L2002005 | W - 06 081: Conversion between PC and KG effected using factor 1 | W - ME 083: Enter Requester, customer
4500029412;10;F4;;F4;1000784;;1000784;;20022PD002;;OK;S - 06 023: Standard PO 4500029412 changed | I - KI 339: Profit center was set to L2002005 | W - 06 081: Conversion between PC and KG effected using factor 1 | W - ME 083: Enter Requester, customer
4500029409;10;F4;;F4;1000784;;1000784;;20022PD002;;OK;S - 06 023: Standard PO 4500029409 changed | I - KI 339: Profit center was set to L2002005 | W - 06 081: Conversion between PC and KG effected using factor 1 | W - ME 083: Enter Requester, customer
4500029406;10;F4;;F4;1000784;;1000784;;20022PD002;;OK;S - 06 023: Standard PO 4500029406 changed | I - KI 339: Profit center was set to L2002005 | W - 06 081: Conversion between PC and KG effected using factor 1 | W - ME 083: Enter Requester, customer
4500029402;10;F4;;F4;1000784;;1000784;;20022PD002;;OK;S - 06 023: Standard PO 4500029402 changed | I - KI 339: Profit center was set to L2002005 | W - 06 081: Conversion between PC and KG effected using factor 1 | W - ME 083: Enter Requester, customer
4500029399;10;F4;;F4;1000784;;1000784;;20022PD002;;OK;S - 06 023: Standard PO 4500029399 changed | I - KI 339: Profit center was set to L2002005 | W - 06 081: Conversion between PC and KG effected using factor 1 | W - ME 083: Enter Requester, customer
4500029396;10;F4;;F4;1000784;;1000784;;20022PD002;;OK;S - 06 023: Standard PO 4500029396 changed | I - KI 339: Profit center was set to L2002005 | W - 06 081: Conversion between PC and KG effected using factor 1 | W - ME 083: Enter Requester, customer
4500029393;10;F4;;F4;1000784;;1000784;;20022PD002;;OK;S - 06 023: Standard PO 4500029393 changed | I - KI 339: Profit center was set to L2002005 | W - 06 081: Conversion between PC and KG effected using factor 1 | W - ME 083: Enter Requester, customer
4500029390;10;F5;;F5;1000784;;1000784;;20022PD002;;OK;S - 06 023: Standard PO 4500029390 changed | I - KI 339: Profit center was set to L2002005 | W - 06 081: Conversion between PC and KG effected using factor 1 | W - ME 083: Enter Requester, customer
4500029386;10;F5;;F5;1000784;;1000784;;20022PD002;;OK;S - 06 023: Standard PO 4500029386 changed | I - KI 339: Profit center was set to L2002005 | W - 06 081: Conversion between PC and KG effected using factor 1 | W - ME 083: Enter Requester, customer
4500029383;10;F5;;F5;1000784;;1000784;;20022PD002;;OK;S - 06 023: Standard PO 4500029383 changed | I - KI 339: Profit center was set to L2002005 | W - 06 081: Conversion between PC and KG effected using factor 1 | W - ME 083: Enter Requester, customer
4500029380;10;F5;;F5;1000784;;1000784;;20022PD002;;OK;S - 06 023: Standard PO 4500029380 changed | I - KI 339: Profit center was set to L2002005 | W - 06 081: Conversion between PC and KG effected using factor 1 | W - ME 083: Enter Requester, customer
4500029377;10;P5;;P5;60000684;;60000684;;20022PD002;;OK;S - 06 023: Standard PO 4500029377 changed | I - KI 339: Profit center was set to L2002005 | W - 06 081: Conversion between PC and KG effected using factor 1 | W - ME 083: Enter Requester, customer
4500029374;10;F4;;F4;1000784;;1000784;;20022PD002;;OK;S - 06 023: Standard PO 4500029374 changed | W - 06 081: Conversion between PC and KG effected using factor 1 | W - ME 083: Enter Requester, customer | I - KI 339: Profit center was set to L2002005
4500029370;10;F5;;F5;1000784;;1000784;;20022PD002;;OK;S - 06 023: Standard PO 4500029370 changed | I - KI 339: Profit center was set to L2002005 | W - 06 081: Conversion between PC and KG effected using factor 1 | W - ME 083: Enter Requester, customer
4500029367;10;F4;;F4;1000784;;1000784;;20022PD002;;OK;S - 06 023: Standard PO 4500029367 changed | I - KI 339: Profit center was set to L2002005 | W - 06 081: Conversion between PC and KG effected using factor 1 | W - ME 083: Enter Requester, customer
4500029364;10;F4;;F4;1000784;;1000784;;20022PD002;;OK;S - 06 023: Standard PO 4500029364 changed | I - KI 339: Profit center was set to L2002005 | W - 06 081: Conversion between PC and KG effected using factor 1 | W - ME 083: Enter Requester, customer
4500029361;10;F4;;F4;1000784;;1000784;;20022PD002;;OK;S - 06 023: Standard PO 4500029361 changed | W - 06 081: Conversion between PC and KG effected using factor 1 | W - ME 083: Enter Requester, customer | I - KI 339: Profit center was set to L2002005
4500029358;10;F4;;F4;1000784;;1000784;;20022PD002;;OK;S - 06 023: Standard PO 4500029358 changed | I - KI 339: Profit center was set to L2002005 | W - 06 081: Conversion between PC and KG effected using factor 1 | W - ME 083: Enter Requester, customer
4500029354;10;F4;;F4;1000784;;1000784;;20022PD002;;OK;S - 06 023: Standard PO 4500029354 changed | I - KI 339: Profit center was set to L2002005 | W - 06 081: Conversion between PC and KG effected using factor 1 | W - ME 083: Enter Requester, customer
4500029351;10;F4;;F4;1000784;;1000784;;20022PD002;;OK;S - 06 023: Standard PO 4500029351 changed | I - KI 339: Profit center was set to L2002005 | W - 06 081: Conversion between PC and KG effected using factor 1 | W - ME 083: Enter Requester, customer
4500029348;10;F4;;F4;1000784;;1000784;;20022PD002;;OK;S - 06 023: Standard PO 4500029348 changed | I - KI 339: Profit center was set to L2002005 | W - 06 081: Conversion between PC and KG effected using factor 1 | W - ME 083: Enter Requester, customer
4500029345;10;F4;;F4;1000784;;1000784;;20022PD002;;OK;S - 06 023: Standard PO 4500029345 changed | I - KI 339: Profit center was set to L2002005 | W - 06 081: Conversion between PC and KG effected using factor 1 | W - ME 083: Enter Requester, customer
4500029342;10;F5;;F5;1000784;;1000784;;20022PD002;;OK;S - 06 023: Standard PO 4500029342 changed | I - KI 339: Profit center was set to L2002005 | W - 06 081: Conversion between PC and KG effected using factor 1 | W - ME 083: Enter Requester, customer
4500029338;10;F4;;F4;1000784;;1000784;;20022PD002;;OK;S - 06 023: Standard PO 4500029338 changed | W - FCO_AVC_CC 202: There is no budget available for cost center 20022PD002. | W - 06 081: Conversion between PC and KG effected using factor 1 | W - ME 083: Enter Requester, customer | I - KI 339: Profit center was set to L2002005
4500029335;10;F4;;F4;1000784;;1000784;;20022PD002;;OK;S - 06 023: Standard PO 4500029335 changed | W - 06 081: Conversion between PC and KG effected using factor 1 | W - ME 083: Enter Requester, customer | I - KI 339: Profit center was set to L2002005
4500029332;10;F4;;F4;1000784;;1000784;;20022PD002;;OK;S - 06 023: Standard PO 4500029332 changed | I - KI 339: Profit center was set to L2002005 | W - 06 081: Conversion between PC and KG effected using factor 1 | W - ME 083: Enter Requester, customer
4500029329;10;F4;;F4;1000784;;1000784;;20022PD002;;OK;S - 06 023: Standard PO 4500029329 changed | I - KI 339: Profit center was set to L2002005 | W - 06 081: Conversion between PC and KG effected using factor 1 | W - ME 083: Enter Requester, customer
4500029326;10;F4;;F4;1000784;;1000784;;20022PD002;;OK;S - 06 023: Standard PO 4500029326 changed | I - KI 339: Profit center was set to L2002005 | W - 06 081: Conversion between PC and KG effected using factor 1 | W - ME 083: Enter Requester, customer
4500029323;10;F4;;F4;1000784;;1000784;;20022PD002;;OK;S - 06 023: Standard PO 4500029323 changed | I - KI 339: Profit center was set to L2002005 | W - 06 081: Conversion between PC and KG effected using factor 1 | W - ME 083: Enter Requester, customer
4500029319;10;F4;;F4;1000784;;1000784;;20022PD002;;OK;S - 06 023: Standard PO 4500029319 changed | I - KI 339: Profit center was set to L2002005 | W - 06 081: Conversion between PC and KG effected using factor 1 | W - ME 083: Enter Requester, customer
4500029316;10;F4;;F4;1000784;;1000784;;20022PD002;;OK;S - 06 023: Standard PO 4500029316 changed | I - KI 339: Profit center was set to L2002005 | W - 06 081: Conversion between PC and KG effected using factor 1 | W - ME 083: Enter Requester, customer
4500029313;10;F4;;F4;1000784;;1000784;;20022PD002;;OK;S - 06 023: Standard PO 4500029313 changed | I - KI 339: Profit center was set to L2002005 | W - 06 081: Conversion between PC and KG effected using factor 1 | W - ME 083: Enter Requester, customer
4500029310;10;F4;;F4;1000784;;1000784;;20022PD002;;OK;S - 06 023: Standard PO 4500029310 changed | I - KI 339: Profit center was set to L2002005 | W - 06 081: Conversion between PC and KG effected using factor 1 | W - ME 083: Enter Requester, customer
4500029307;10;F4;;F4;1000784;;1000784;;20022PD002;;OK;S - 06 023: Standard PO 4500029307 changed | I - KI 339: Profit center was set to L2002005 | W - 06 081: Conversion between PC and KG effected using factor 1 | W - ME 083: Enter Requester, customer
4500029211;10;F4;;F4;1000472;;1000472;;20101CI001;;OK;S - 06 023: Standard PO 4500029211 changed | I - KI 339: Profit center was set to L2010002 | W - FCO_AVC_CC 202: There is no budget available for cost center 20101CI001. | W - ME 083: Enter Requester, customer
4500029192;10;F4;;F4;1000472;;1000472;;20022PD005;;OK;S - 06 023: Standard PO 4500029192 changed | W - ME 083: Enter Requester, customer | I - KI 339: Profit center was set to L2002005
4500029185;10;C0;;C0;20004867;;20004867;;20151CD004;;OK;S - 06 023: Standard PO 4500029185 changed | W - 06 203: Order value 1.750,00 BRL below minimum order value | W - ME 083: Enter Requester, customer | I - KI 339: Profit center was set to L2015001
4500029179;10;C0;;C0;20004870;;20004870;;20022PD004;;OK;S - 06 023: Standard PO 4500029179 changed | W - 06 203: Order value 9.540,00 BRL below minimum order value | W - ME 083: Enter Requester, customer | I - KI 339: Profit center was set to L2002005
4500029176;10;CG;;CG;10000161;;10000161;;20111PI019;;OK;S - 06 023: Standard PO 4500029176 changed | I - KI 339: Profit center was set to L2011002 | W - ME 083: Enter Requester, customer
4500029172;10;F4;;F4;1000608;;1000608;;20111PD007;;OK;S - 06 023: Standard PO 4500029172 changed | I - KI 339: Profit center was set to L2011002 | W - 06 081: Conversion between PC and KG effected using factor 1 | W - ME 083: Enter Requester, customer
4500029169;10;F4;;F4;1000608;;1000608;;20111PD009;;OK;S - 06 023: Standard PO 4500029169 changed | I - KI 339: Profit center was set to L2011002 | W - 06 081: Conversion between PC and KG effected using factor 1 | W - ME 083: Enter Requester, customer
4500029137;10;CG;;CG;20017403;;20017403;;20011PD028;;OK;S - 06 023: Standard PO 4500029137 changed | I - ME 664: Change Cost Center could not be effected | W - ME 083: Enter Requester, customer
4500029128;10;CC;;CC;20018556;;20018556;;20011PD001;;OK;S - 06 022: No data changed | I - ME 664: Change Cost Center could not be effected
4500029118;10;C0;;C0;20000424;;20000424;;20011AD015;;OK;S - 06 023: Standard PO 4500029118 changed | W - ME 083: Enter Requester, customer
4500029096;10;C0;;C0;20008437;;20008437;;20013PD001;;OK;S - 06 023: Standard PO 4500029096 changed | I - KI 339: Profit center was set to L2001003 | W - ME 678: Purchase order unit L allows fewer decimal places only | W - ME 083: Enter Requester, customer
4500029089;10;F4;;F4;1000472;;1000472;;20022PD005;;OK;S - 06 023: Standard PO 4500029089 changed | I - KI 339: Profit center was set to L2002005 | W - ME 083: Enter Requester, customer
4500028984;10;P0;;P0;60000476;;60000476;;20091PI010;;OK;S - 06 023: Standard PO 4500028984 changed | I - KI 339: Profit center was set to L2009002 | W - ME 083: Enter Requester, customer
4500028939;10;CG;;CG;20013770;;20013770;;20081PI011;;OK;S - 06 023: Standard PO 4500028939 changed | I - KI 339: Profit center was set to L2008001 | W - 06 072: Quantity smaller than invoiced quantity 33 | W - ME 083: Enter Requester, customer
4500028856;10;P5;;P5;60000008;;60000008;;20022PD005;;OK;S - 06 023: Standard PO 4500028856 changed | I - KI 339: Profit center was set to L2002005 | W - ME 083: Enter Requester, customer
4500028847;10;P5;;P5;60000008;;60000008;;20022PD005;;OK;S - 06 023: Standard PO 4500028847 changed | I - KI 339: Profit center was set to L2002005 | W - ME 083: Enter Requester, customer
4500028843;10;F4;;F4;1000472;;1000472;;20022PD005;;OK;S - 06 023: Standard PO 4500028843 changed | I - KI 339: Profit center was set to L2002005 | W - ME 083: Enter Requester, customer
4500028837;10;F4;;F4;1000608;;1000608;;20111PD001;;OK;S - 06 023: Standard PO 4500028837 changed | I - KI 339: Profit center was set to L2011002 | W - 06 081: Conversion between PC and KG effected using factor 1 | W - ME 083: Enter Requester, customer
4500028834;10;F4;;F4;1000608;;1000608;;20111PD011;;OK;S - 06 023: Standard PO 4500028834 changed | I - KI 339: Profit center was set to L2011002 | W - 06 081: Conversion between PC and KG effected using factor 1 | W - ME 083: Enter Requester, customer
4500028831;10;F4;;F4;1000605;;1000605;;20101PD015;;OK;S - 06 023: Standard PO 4500028831 changed | I - KI 339: Profit center was set to L2010002 | W - ME 083: Enter Requester, customer
4500028828;10;F4;;F4;1000605;;1000605;;20101PD015;;OK;S - 06 023: Standard PO 4500028828 changed | I - KI 339: Profit center was set to L2010002 | W - ME 083: Enter Requester, customer
4500028792;10;C0;;C0;20003143;;20003143;;20011AD028;;OK;S - 06 023: Standard PO 4500028792 changed | W - ME 083: Enter Requester, customer
4500028655;10;P5;;P5;60000684;;60000684;;20022PD002;;OK;S - 06 023: Standard PO 4500028655 changed | I - KI 339: Profit center was set to L2002005 | W - 06 081: Conversion between PC and KG effected using factor 1 | W - ME 083: Enter Requester, customer
4500028652;10;F4;;F4;1000784;;1000784;;20022PD002;;OK;S - 06 023: Standard PO 4500028652 changed | W - FCO_AVC_CC 202: There is no budget available for cost center 20022PD002. | W - 06 081: Conversion between PC and KG effected using factor 1 | W - ME 083: Enter Requester, customer | I - KI 339: Profit center was set to L2002005
4500028649;10;F4;;F4;1000784;;1000784;;20022PD002;;OK;S - 06 023: Standard PO 4500028649 changed | I - KI 339: Profit center was set to L2002005 | W - FCO_AVC_CC 202: There is no budget available for cost center 20022PD002. | W - 06 081: Conversion between PC and KG effected using factor 1 | W - ME 083: Enter Requester, customer
4500028645;10;F4;;F4;1000784;;1000784;;20022PD002;;OK;S - 06 023: Standard PO 4500028645 changed | I - KI 339: Profit center was set to L2002005 | W - FCO_AVC_CC 202: There is no budget available for cost center 20022PD002. | W - 06 081: Conversion between PC and KG effected using factor 1 | W - ME 083: Enter Requester, customer
4500028642;10;P5;;P5;60000684;;60000684;;20022PD002;;OK;S - 06 023: Standard PO 4500028642 changed | I - KI 339: Profit center was set to L2002005 | W - 06 081: Conversion between PC and KG effected using factor 1 | W - ME 083: Enter Requester, customer
4500028639;10;P5;;P5;60000684;;60000684;;20022PD002;;OK;S - 06 023: Standard PO 4500028639 changed | I - KI 339: Profit center was set to L2002005 | W - 06 081: Conversion between PC and KG effected using factor 1 | W - ME 083: Enter Requester, customer
4500028636;10;F4;;F4;1000784;;1000784;;20022PD002;;OK;S - 06 023: Standard PO 4500028636 changed | I - KI 339: Profit center was set to L2002005 | W - FCO_AVC_CC 202: There is no budget available for cost center 20022PD002. | W - 06 081: Conversion between PC and KG effected using factor 1 | W - ME 083: Enter Requester, customer
4500028633;10;F4;;F4;1000784;;1000784;;20022PD002;;OK;S - 06 023: Standard PO 4500028633 changed | I - KI 339: Profit center was set to L2002005 | W - FCO_AVC_CC 202: There is no budget available for cost center 20022PD002. | W - 06 081: Conversion between PC and KG effected using factor 1 | W - ME 083: Enter Requester, customer
4500028630;10;F4;;F4;1000784;;1000784;;20022PD002;;OK;S - 06 023: Standard PO 4500028630 changed | I - KI 339: Profit center was set to L2002005 | W - FCO_AVC_CC 202: There is no budget available for cost center 20022PD002. | W - 06 081: Conversion between PC and KG effected using factor 1 | W - ME 083: Enter Requester, customer
4500028626;10;F4;;F4;1000784;;1000784;;20022PD002;;OK;S - 06 023: Standard PO 4500028626 changed | W - FCO_AVC_CC 202: There is no budget available for cost center 20022PD002. | W - 06 081: Conversion between PC and KG effected using factor 1 | W - ME 083: Enter Requester, customer | I - KI 339: Profit center was set to L2002005
4500028617;10;P5;;P5;60000684;;60000684;;20022PD002;;OK;S - 06 023: Standard PO 4500028617 changed | I - KI 339: Profit center was set to L2002005 | W - 06 081: Conversion between PC and KG effected using factor 1 | W - ME 083: Enter Requester, customer
4500028614;10;P5;;P5;60000684;;60000684;;20022PD002;;OK;S - 06 023: Standard PO 4500028614 changed | I - KI 339: Profit center was set to L2002005 | W - ME 083: Enter Requester, customer
4500028601;10;F4;;F4;1000784;;1000784;;20022PD002;;OK;S - 06 023: Standard PO 4500028601 changed | I - KI 339: Profit center was set to L2002005 | W - 06 081: Conversion between PC and KG effected using factor 1 | W - ME 083: Enter Requester, customer
4500028598;10;F4;;F4;1000784;;1000784;;20022PD002;;OK;S - 06 023: Standard PO 4500028598 changed | I - KI 339: Profit center was set to L2002005 | W - 06 081: Conversion between PC and KG effected using factor 1 | W - ME 083: Enter Requester, customer
4500028594;10;P5;;P5;60000684;;60000684;;20022PD002;;OK;S - 06 023: Standard PO 4500028594 changed | I - KI 339: Profit center was set to L2002005 | W - 06 081: Conversion between PC and KG effected using factor 1 | W - ME 083: Enter Requester, customer
4500028591;10;F4;;F4;1000784;;1000784;;20022PD002;;OK;S - 06 023: Standard PO 4500028591 changed | I - KI 339: Profit center was set to L2002005 | W - 06 081: Conversion between PC and KG effected using factor 1 | W - ME 083: Enter Requester, customer
4500028588;10;F4;;F4;1000784;;1000784;;20022PD002;;OK;S - 06 023: Standard PO 4500028588 changed | I - KI 339: Profit center was set to L2002005 | W - 06 081: Conversion between PC and KG effected using factor 1 | W - ME 083: Enter Requester, customer
4500028585;10;F4;;F4;1000784;;1000784;;20022PD002;;OK;S - 06 023: Standard PO 4500028585 changed | I - KI 339: Profit center was set to L2002005 | W - 06 081: Conversion between PC and KG effected using factor 1 | W - ME 083: Enter Requester, customer
4500028582;10;F4;;F4;1000784;;1000784;;20022PD002;;OK;S - 06 023: Standard PO 4500028582 changed | I - KI 339: Profit center was set to L2002005 | W - 06 081: Conversion between PC and KG effected using factor 1 | W - ME 083: Enter Requester, customer
4500028578;10;F4;;F4;1000784;;1000784;;20022PD002;;OK;S - 06 023: Standard PO 4500028578 changed | I - KI 339: Profit center was set to L2002005 | W - 06 081: Conversion between PC and KG effected using factor 1 | W - ME 083: Enter Requester, customer
4500028575;10;F4;;F4;1000784;;1000784;;20022PD002;;OK;S - 06 023: Standard PO 4500028575 changed | I - KI 339: Profit center was set to L2002005 | W - 06 081: Conversion between PC and KG effected using factor 1 | W - ME 083: Enter Requester, customer
4500028572;10;F5;;F5;1000784;;1000784;;20022PD007;;OK;S - 06 023: Standard PO 4500028572 changed | I - KI 339: Profit center was set to L2002005 | W - 06 081: Conversion between PC and KG effected using factor 1 | W - ME 083: Enter Requester, customer
4500028569;10;F5;;F5;1000784;;1000784;;20022PD002;;OK;S - 06 023: Standard PO 4500028569 changed | I - KI 339: Profit center was set to L2002005 | W - 06 081: Conversion between PC and KG effected using factor 1 | W - ME 083: Enter Requester, customer
4500028566;10;F5;;F5;1000784;;1000784;;20022PD002;;OK;S - 06 023: Standard PO 4500028566 changed | I - KI 339: Profit center was set to L2002005 | W - 06 081: Conversion between PC and KG effected using factor 1 | W - ME 083: Enter Requester, customer
4500028562;10;F5;;F5;1000784;;1000784;;20022PD002;;OK;S - 06 023: Standard PO 4500028562 changed | I - KI 339: Profit center was set to L2002005 | W - 06 081: Conversion between PC and KG effected using factor 1 | W - ME 083: Enter Requester, customer
4500028559;10;F5;;F5;1000784;;1000784;;20022PD002;;OK;S - 06 023: Standard PO 4500028559 changed | I - KI 339: Profit center was set to L2002005 | W - 06 081: Conversion between PC and KG effected using factor 1 | W - ME 083: Enter Requester, customer
4500028556;10;F5;;F5;1000784;;1000784;;20022PD002;;OK;S - 06 023: Standard PO 4500028556 changed | I - KI 339: Profit center was set to L2002005 | W - 06 081: Conversion between PC and KG effected using factor 1 | W - ME 083: Enter Requester, customer
4500028553;10;F5;;F5;1000784;;1000784;;20022PD002;;OK;S - 06 023: Standard PO 4500028553 changed | I - KI 339: Profit center was set to L2002005 | W - 06 081: Conversion between PC and KG effected using factor 1 | W - ME 083: Enter Requester, customer
4500028550;10;F5;;F5;1000784;;1000784;;20022PD002;;OK;S - 06 023: Standard PO 4500028550 changed | I - KI 339: Profit center was set to L2002005 | W - 06 081: Conversion between PC and KG effected using factor 1 | W - ME 083: Enter Requester, customer
4500028546;10;F5;;F5;1000784;;1000784;;20022PD002;;OK;S - 06 023: Standard PO 4500028546 changed | I - KI 339: Profit center was set to L2002005 | W - 06 081: Conversion between PC and KG effected using factor 1 | W - ME 083: Enter Requester, customer
4500028543;10;F5;;F5;1000784;;1000784;;20022PD002;;OK;S - 06 023: Standard PO 4500028543 changed | I - KI 339: Profit center was set to L2002005 | W - 06 081: Conversion between PC and KG effected using factor 1 | W - ME 083: Enter Requester, customer
4500028540;10;F5;;F5;1000784;;1000784;;20022PD002;;OK;S - 06 023: Standard PO 4500028540 changed | W - 06 081: Conversion between PC and KG effected using factor 1 | W - ME 083: Enter Requester, customer | I - KI 339: Profit center was set to L2002005
4500028537;10;F5;;F5;1000784;;1000784;;20022PD002;;OK;S - 06 023: Standard PO 4500028537 changed | W - 06 081: Conversion between PC and KG effected using factor 1 | W - ME 083: Enter Requester, customer | I - KI 339: Profit center was set to L2002005
4500028534;10;F5;;F5;1000784;;1000784;;20022PD002;;OK;S - 06 023: Standard PO 4500028534 changed | I - KI 339: Profit center was set to L2002005 | W - 06 081: Conversion between PC and KG effected using factor 1 | W - ME 083: Enter Requester, customer
4500028530;10;F5;;F5;1000784;;1000784;;20022PD002;;OK;S - 06 023: Standard PO 4500028530 changed | I - KI 339: Profit center was set to L2002005 | W - 06 081: Conversion between PC and KG effected using factor 1 | W - ME 083: Enter Requester, customer
4500028527;10;F5;;F5;1000784;;1000784;;20022PD002;;OK;S - 06 023: Standard PO 4500028527 changed | I - KI 339: Profit center was set to L2002005 | W - 06 081: Conversion between PC and KG effected using factor 1 | W - ME 083: Enter Requester, customer
4500028524;10;F5;;F5;1000784;;1000784;;20022PD002;;OK;S - 06 023: Standard PO 4500028524 changed | I - KI 339: Profit center was set to L2002005 | W - 06 081: Conversion between PC and KG effected using factor 1 | W - ME 083: Enter Requester, customer
4500028521;10;F4;;F4;1000784;;1000784;;20022PD002;;OK;S - 06 023: Standard PO 4500028521 changed | I - KI 339: Profit center was set to L2002005 | W - 06 081: Conversion between PC and KG effected using factor 1 | W - ME 083: Enter Requester, customer
4500028518;10;F4;;F4;1000784;;1000784;;20022PD002;;OK;S - 06 023: Standard PO 4500028518 changed | I - KI 339: Profit center was set to L2002005 | W - 06 081: Conversion between PC and KG effected using factor 1 | W - ME 083: Enter Requester, customer
4500028515;10;F4;;F4;1000784;;1000784;;20022PD002;;OK;S - 06 023: Standard PO 4500028515 changed | I - KI 339: Profit center was set to L2002005 | W - 06 081: Conversion between PC and KG effected using factor 1 | W - ME 083: Enter Requester, customer
4500028511;10;F4;;F4;1000784;;1000784;;20022PD002;;OK;S - 06 023: Standard PO 4500028511 changed | I - KI 339: Profit center was set to L2002005 | W - 06 081: Conversion between PC and KG effected using factor 1 | W - ME 083: Enter Requester, customer
4500028508;10;F4;;F4;1000784;;1000784;;20022PD002;;OK;S - 06 023: Standard PO 4500028508 changed | I - KI 339: Profit center was set to L2002005 | W - 06 081: Conversion between PC and KG effected using factor 1 | W - ME 083: Enter Requester, customer
4500028505;10;F4;;F4;1000784;;1000784;;20022PD002;;OK;S - 06 023: Standard PO 4500028505 changed | I - KI 339: Profit center was set to L2002005 | W - 06 081: Conversion between PC and KG effected using factor 1 | W - ME 083: Enter Requester, customer
4500028499;10;F4;;F4;1000784;;1000784;;20022PD002;;OK;S - 06 023: Standard PO 4500028499 changed | I - KI 339: Profit center was set to L2002005 | W - 06 081: Conversion between PC and KG effected using factor 1 | W - ME 083: Enter Requester, customer
4500028495;10;F4;;F4;1000784;;1000784;;20022PD002;;OK;S - 06 023: Standard PO 4500028495 changed | I - KI 339: Profit center was set to L2002005 | W - 06 081: Conversion between PC and KG effected using factor 1 | W - ME 083: Enter Requester, customer
4500028492;10;F4;;F4;1000784;;1000784;;20022PD002;;OK;S - 06 023: Standard PO 4500028492 changed | I - KI 339: Profit center was set to L2002005 | W - 06 081: Conversion between PC and KG effected using factor 1 | W - ME 083: Enter Requester, customer
4500028489;10;F4;;F4;1000784;;1000784;;20022PD002;;OK;S - 06 023: Standard PO 4500028489 changed | I - KI 339: Profit center was set to L2002005 | W - 06 081: Conversion between PC and KG effected using factor 1 | W - ME 083: Enter Requester, customer
4500028486;10;F4;;F4;1000784;;1000784;;20022PD002;;OK;S - 06 023: Standard PO 4500028486 changed | I - KI 339: Profit center was set to L2002005 | W - 06 081: Conversion between PC and KG effected using factor 1 | W - ME 083: Enter Requester, customer
4500028483;10;F4;;F4;1000784;;1000784;;20022PD002;;OK;S - 06 023: Standard PO 4500028483 changed | I - KI 339: Profit center was set to L2002005 | W - 06 081: Conversion between PC and KG effected using factor 1 | W - ME 083: Enter Requester, customer
4500028479;10;F4;;F4;1000784;;1000784;;20022PD002;;OK;S - 06 023: Standard PO 4500028479 changed | W - 06 081: Conversion between PC and KG effected using factor 1 | W - ME 083: Enter Requester, customer | I - KI 339: Profit center was set to L2002005
4500028476;10;F4;;F4;1000784;;1000784;;20022PD002;;OK;S - 06 023: Standard PO 4500028476 changed | I - KI 339: Profit center was set to L2002005 | W - 06 081: Conversion between PC and KG effected using factor 1 | W - ME 083: Enter Requester, customer
4500028473;10;F4;;F4;1000784;;1000784;;20022PD002;;OK;S - 06 023: Standard PO 4500028473 changed | I - KI 339: Profit center was set to L2002005 | W - 06 081: Conversion between PC and KG effected using factor 1 | W - ME 083: Enter Requester, customer
4500028470;10;F4;;F4;1000784;;1000784;;20022PD002;;OK;S - 06 023: Standard PO 4500028470 changed | I - KI 339: Profit center was set to L2002005 | W - 06 081: Conversion between PC and KG effected using factor 1 | W - ME 083: Enter Requester, customer
4500028467;10;F4;;F4;1000784;;1000784;;20022PD002;;OK;S - 06 023: Standard PO 4500028467 changed | I - KI 339: Profit center was set to L2002005 | W - 06 081: Conversion between PC and KG effected using factor 1 | W - ME 083: Enter Requester, customer
4500028463;10;F4;;F4;1000784;;1000784;;20022PD002;;OK;S - 06 023: Standard PO 4500028463 changed | W - 06 081: Conversion between PC and KG effected using factor 1 | W - ME 083: Enter Requester, customer | I - KI 339: Profit center was set to L2002005
4500028460;10;F4;;F4;1000784;;1000784;;20022PD002;;OK;S - 06 023: Standard PO 4500028460 changed | I - KI 339: Profit center was set to L2002005 | W - 06 081: Conversion between PC and KG effected using factor 1 | W - ME 083: Enter Requester, customer
4500028457;10;F4;;F4;1000784;;1000784;;20022PD002;;OK;S - 06 023: Standard PO 4500028457 changed | I - KI 339: Profit center was set to L2002005 | W - 06 081: Conversion between PC and KG effected using factor 1 | W - ME 083: Enter Requester, customer
4500028454;10;F4;;F4;1000784;;1000784;;20022PD002;;OK;S - 06 023: Standard PO 4500028454 changed | I - KI 339: Profit center was set to L2002005 | W - 06 081: Conversion between PC and KG effected using factor 1 | W - ME 083: Enter Requester, customer
4500028451;10;F4;;F4;1000784;;1000784;;20022PD002;;OK;S - 06 023: Standard PO 4500028451 changed | I - KI 339: Profit center was set to L2002005 | W - 06 081: Conversion between PC and KG effected using factor 1 | W - ME 083: Enter Requester, customer
4500028447;10;F4;;F4;1000784;;1000784;;20022PD002;;OK;S - 06 023: Standard PO 4500028447 changed | I - KI 339: Profit center was set to L2002005 | W - 06 081: Conversion between PC and KG effected using factor 1 | W - ME 083: Enter Requester, customer
4500028444;10;F4;;F4;1000784;;1000784;;20022PD002;;OK;S - 06 023: Standard PO 4500028444 changed | I - KI 339: Profit center was set to L2002005 | W - 06 081: Conversion between PC and KG effected using factor 1 | W - ME 083: Enter Requester, customer
4500028441;10;F4;;F4;1000784;;1000784;;20022PD002;;OK;S - 06 023: Standard PO 4500028441 changed | I - KI 339: Profit center was set to L2002005 | W - 06 081: Conversion between PC and KG effected using factor 1 | W - ME 083: Enter Requester, customer
4500028438;10;F4;;F4;1000784;;1000784;;20022PD002;;OK;S - 06 023: Standard PO 4500028438 changed | I - KI 339: Profit center was set to L2002005 | W - 06 081: Conversion between PC and KG effected using factor 1 | W - ME 083: Enter Requester, customer
4500028435;10;F4;;F4;1000784;;1000784;;20022PD002;;OK;S - 06 023: Standard PO 4500028435 changed | W - 06 081: Conversion between PC and KG effected using factor 1 | W - ME 083: Enter Requester, customer | I - KI 339: Profit center was set to L2002005
4500028431;10;F4;;F4;1000784;;1000784;;20022PD002;;OK;S - 06 023: Standard PO 4500028431 changed | I - KI 339: Profit center was set to L2002005 | W - 06 081: Conversion between PC and KG effected using factor 1 | W - ME 083: Enter Requester, customer
4500028428;10;F4;;F4;1000784;;1000784;;20022PD002;;OK;S - 06 023: Standard PO 4500028428 changed | I - KI 339: Profit center was set to L2002005 | W - 06 081: Conversion between PC and KG effected using factor 1 | W - ME 083: Enter Requester, customer
4500028425;10;F4;;F4;1000784;;1000784;;20022PD002;;OK;S - 06 023: Standard PO 4500028425 changed | I - KI 339: Profit center was set to L2002005 | W - 06 081: Conversion between PC and KG effected using factor 1 | W - ME 083: Enter Requester, customer
4500028422;10;F4;;F4;1000784;;1000784;;20022PD002;;OK;S - 06 023: Standard PO 4500028422 changed | W - 06 081: Conversion between PC and KG effected using factor 1 | W - ME 083: Enter Requester, customer | I - KI 339: Profit center was set to L2002005
4500028419;10;F4;;F4;1000784;;1000784;;20022PD002;;OK;S - 06 023: Standard PO 4500028419 changed | I - KI 339: Profit center was set to L2002005 | W - 06 081: Conversion between PC and KG effected using factor 1 | W - ME 083: Enter Requester, customer
4500028416;10;F4;;F4;1000784;;1000784;;20022PD002;;OK;S - 06 023: Standard PO 4500028416 changed | I - KI 339: Profit center was set to L2002005 | W - 06 081: Conversion between PC and KG effected using factor 1 | W - ME 083: Enter Requester, customer
4500028412;10;F4;;F4;1000784;;1000784;;20022PD002;;OK;S - 06 023: Standard PO 4500028412 changed | I - KI 339: Profit center was set to L2002005 | W - 06 081: Conversion between PC and KG effected using factor 1 | W - ME 083: Enter Requester, customer
4500028409;10;F4;;F4;1000784;;1000784;;20022PD002;;OK;S - 06 023: Standard PO 4500028409 changed | W - 06 081: Conversion between PC and KG effected using factor 1 | W - ME 083: Enter Requester, customer | I - KI 339: Profit center was set to L2002005
4500028406;10;F4;;F4;1000784;;1000784;;20022PD002;;OK;S - 06 023: Standard PO 4500028406 changed | I - KI 339: Profit center was set to L2002005 | W - 06 081: Conversion between PC and KG effected using factor 1 | W - ME 083: Enter Requester, customer
4500028403;10;F4;;F4;1000784;;1000784;;20022PD002;;OK;S - 06 023: Standard PO 4500028403 changed | I - KI 339: Profit center was set to L2002005 | W - 06 081: Conversion between PC and KG effected using factor 1 | W - ME 083: Enter Requester, customer
4500028400;10;F4;;F4;1000784;;1000784;;20022PD002;;OK;S - 06 023: Standard PO 4500028400 changed | I - KI 339: Profit center was set to L2002005 | W - 06 081: Conversion between PC and KG effected using factor 1 | W - ME 083: Enter Requester, customer
4500028396;10;F4;;F4;1000784;;1000784;;20022PD002;;OK;S - 06 023: Standard PO 4500028396 changed | I - KI 339: Profit center was set to L2002005 | W - 06 081: Conversion between PC and KG effected using factor 1 | W - ME 083: Enter Requester, customer
4500028393;10;F5;;F5;1000784;;1000784;;20022PD002;;OK;S - 06 023: Standard PO 4500028393 changed | I - KI 339: Profit center was set to L2002005 | W - 06 081: Conversion between PC and KG effected using factor 1 | W - ME 083: Enter Requester, customer
4500028390;10;F5;;F5;1000784;;1000784;;20022PD002;;OK;S - 06 023: Standard PO 4500028390 changed | I - KI 339: Profit center was set to L2002005 | W - 06 081: Conversion between PC and KG effected using factor 1 | W - ME 083: Enter Requester, customer
4500028387;10;F5;;F5;1000784;;1000784;;20022PD002;;OK;S - 06 023: Standard PO 4500028387 changed | I - KI 339: Profit center was set to L2002005 | W - 06 081: Conversion between PC and KG effected using factor 1 | W - ME 083: Enter Requester, customer
4500028384;10;F5;;F5;1000784;;1000784;;20022PD002;;OK;S - 06 023: Standard PO 4500028384 changed | I - KI 339: Profit center was set to L2002005 | W - 06 081: Conversion between PC and KG effected using factor 1 | W - ME 083: Enter Requester, customer
4500028380;10;F5;;F5;1000784;;1000784;;20022PD002;;OK;S - 06 023: Standard PO 4500028380 changed | I - KI 339: Profit center was set to L2002005 | W - 06 081: Conversion between PC and KG effected using factor 1 | W - ME 083: Enter Requester, customer
4500028377;10;F5;;F5;1000784;;1000784;;20022PD002;;OK;S - 06 023: Standard PO 4500028377 changed | W - 06 081: Conversion between PC and KG effected using factor 1 | W - ME 083: Enter Requester, customer | I - KI 339: Profit center was set to L2002005
4500028374;10;P5;;P5;60000684;;60000684;;20022PD002;;OK;S - 06 023: Standard PO 4500028374 changed | W - 06 081: Conversion between PC and KG effected using factor 1 | W - ME 083: Enter Requester, customer | I - KI 339: Profit center was set to L2002005
4500028371;10;F5;;F5;1000784;;1000784;;20022PD002;;OK;S - 06 023: Standard PO 4500028371 changed | I - KI 339: Profit center was set to L2002005 | W - 06 081: Conversion between PC and KG effected using factor 1 | W - ME 083: Enter Requester, customer
4500028368;10;F5;;F5;1000784;;1000784;;20022PD002;;OK;S - 06 023: Standard PO 4500028368 changed | I - KI 339: Profit center was set to L2002005 | W - 06 081: Conversion between PC and KG effected using factor 1 | W - ME 083: Enter Requester, customer
4500028364;10;F5;;F5;1000784;;1000784;;20022PD002;;OK;S - 06 023: Standard PO 4500028364 changed | I - KI 339: Profit center was set to L2002005 | W - 06 081: Conversion between PC and KG effected using factor 1 | W - ME 083: Enter Requester, customer
4500028361;10;F5;;F5;1000784;;1000784;;20022PD002;;OK;S - 06 023: Standard PO 4500028361 changed | I - KI 339: Profit center was set to L2002005 | W - 06 081: Conversion between PC and KG effected using factor 1 | W - ME 083: Enter Requester, customer
4500028358;10;F5;;F5;1000784;;1000784;;20022PD002;;OK;S - 06 023: Standard PO 4500028358 changed | I - KI 339: Profit center was set to L2002005 | W - 06 081: Conversion between PC and KG effected using factor 1 | W - ME 083: Enter Requester, customer
4500028355;10;F4;;F4;1000608;;1000608;;20111PD011;;OK;S - 06 023: Standard PO 4500028355 changed | I - KI 339: Profit center was set to L2011002 | W - 06 081: Conversion between PC and KG effected using factor 1 | W - ME 083: Enter Requester, customer
4500028352;10;F5;;F5;1000784;;1000784;;20022PD002;;OK;S - 06 023: Standard PO 4500028352 changed | I - KI 339: Profit center was set to L2002005 | W - 06 081: Conversion between PC and KG effected using factor 1 | W - ME 083: Enter Requester, customer
4500028348;10;F5;;F5;1000784;;1000784;;20022PD002;;OK;S - 06 023: Standard PO 4500028348 changed | I - KI 339: Profit center was set to L2002005 | W - 06 081: Conversion between PC and KG effected using factor 1 | W - ME 083: Enter Requester, customer
4500028345;10;F5;;F5;1000784;;1000784;;20022PD002;;OK;S - 06 023: Standard PO 4500028345 changed | I - KI 339: Profit center was set to L2002005 | W - 06 081: Conversion between PC and KG effected using factor 1 | W - ME 083: Enter Requester, customer
4500028342;10;F5;;F5;1000784;;1000784;;20022PD002;;OK;S - 06 023: Standard PO 4500028342 changed | I - KI 339: Profit center was set to L2002005 | W - 06 081: Conversion between PC and KG effected using factor 1 | W - ME 083: Enter Requester, customer
4500028339;10;P5;;P5;60000684;;60000684;;20022PD002;;OK;S - 06 023: Standard PO 4500028339 changed | I - KI 339: Profit center was set to L2002005 | W - 06 081: Conversion between PC and KG effected using factor 1 | W - ME 083: Enter Requester, customer
4500028336;10;F4;;F4;1000784;;1000784;;20022PD002;;OK;S - 06 023: Standard PO 4500028336 changed | I - KI 339: Profit center was set to L2002005 | W - 06 081: Conversion between PC and KG effected using factor 1 | W - ME 083: Enter Requester, customer
4500028332;10;F5;;F5;1000784;;1000784;;20022PD002;;OK;S - 06 023: Standard PO 4500028332 changed | W - 06 081: Conversion between PC and KG effected using factor 1 | W - ME 083: Enter Requester, customer | I - KI 339: Profit center was set to L2002005
4500028329;10;F5;;F5;1000784;;1000784;;20022PD002;;OK;S - 06 023: Standard PO 4500028329 changed | I - KI 339: Profit center was set to L2002005 | W - 06 081: Conversion between PC and KG effected using factor 1 | W - ME 083: Enter Requester, customer
4500028326;10;F5;;F5;1000784;;1000784;;20022PD002;;OK;S - 06 023: Standard PO 4500028326 changed | I - KI 339: Profit center was set to L2002005 | W - 06 081: Conversion between PC and KG effected using factor 1 | W - ME 083: Enter Requester, customer
4500028323;10;F5;;F5;1000784;;1000784;;20022PD002;;OK;S - 06 023: Standard PO 4500028323 changed | I - KI 339: Profit center was set to L2002005 | W - 06 081: Conversion between PC and KG effected using factor 1 | W - ME 083: Enter Requester, customer
4500028320;10;F5;;F5;1000784;;1000784;;20022PD002;;OK;S - 06 023: Standard PO 4500028320 changed | I - KI 339: Profit center was set to L2002005 | W - 06 081: Conversion between PC and KG effected using factor 1 | W - ME 083: Enter Requester, customer
4500028317;10;F5;;F5;1000784;;1000784;;20022PD002;;OK;S - 06 023: Standard PO 4500028317 changed | I - KI 339: Profit center was set to L2002005 | W - 06 081: Conversion between PC and KG effected using factor 1 | W - ME 083: Enter Requester, customer
4500028310;10;F4;;F4;1000784;;1000784;;20022PD002;;OK;S - 06 023: Standard PO 4500028310 changed | I - KI 339: Profit center was set to L2002005 | W - 06 081: Conversion between PC and KG effected using factor 1 | W - ME 083: Enter Requester, customer
4500028307;10;F4;;F4;1000784;;1000784;;20022PD002;;OK;S - 06 023: Standard PO 4500028307 changed | I - KI 339: Profit center was set to L2002005 | W - 06 081: Conversion between PC and KG effected using factor 1 | W - ME 083: Enter Requester, customer
4500028304;10;F4;;F4;1000784;;1000784;;20022PD002;;OK;S - 06 023: Standard PO 4500028304 changed | I - KI 339: Profit center was set to L2002005 | W - 06 081: Conversion between PC and KG effected using factor 1 | W - ME 083: Enter Requester, customer
4500028301;10;F4;;F4;1000784;;1000784;;20022PD002;;OK;S - 06 023: Standard PO 4500028301 changed | I - KI 339: Profit center was set to L2002005 | W - 06 081: Conversion between PC and KG effected using factor 1 | W - ME 083: Enter Requester, customer
4500028297;10;F4;;F4;1000784;;1000784;;20022PD002;;OK;S - 06 023: Standard PO 4500028297 changed | I - KI 339: Profit center was set to L2002005 | W - 06 081: Conversion between PC and KG effected using factor 1 | W - ME 083: Enter Requester, customer
4500028294;10;F4;;F4;1000784;;1000784;;20022PD002;;OK;S - 06 023: Standard PO 4500028294 changed | I - KI 339: Profit center was set to L2002005 | W - 06 081: Conversion between PC and KG effected using factor 1 | W - ME 083: Enter Requester, customer
4500028291;10;F4;;F4;1000784;;1000784;;20022PD002;;OK;S - 06 023: Standard PO 4500028291 changed | W - 06 081: Conversion between PC and KG effected using factor 1 | W - ME 083: Enter Requester, customer | I - KI 339: Profit center was set to L2002005
4500028288;10;F4;;F4;1000784;;1000784;;20022PD002;;OK;S - 06 023: Standard PO 4500028288 changed | I - KI 339: Profit center was set to L2002005 | W - 06 081: Conversion between PC and KG effected using factor 1 | W - ME 083: Enter Requester, customer
4500028285;10;P5;;P5;60000684;;60000684;;20022PD002;;OK;S - 06 023: Standard PO 4500028285 changed | I - KI 339: Profit center was set to L2002005 | W - 06 081: Conversion between PC and KG effected using factor 1 | W - ME 083: Enter Requester, customer
4500028278;10;F4;;F4;1000784;;1000784;;20022PD002;;OK;S - 06 023: Standard PO 4500028278 changed | I - KI 339: Profit center was set to L2002005 | W - 06 081: Conversion between PC and KG effected using factor 1 | W - ME 083: Enter Requester, customer
4500028275;10;F4;;F4;1000784;;1000784;;20022PD002;;OK;S - 06 023: Standard PO 4500028275 changed | W - 06 081: Conversion between PC and KG effected using factor 1 | W - ME 083: Enter Requester, customer | I - KI 339: Profit center was set to L2002005
4500028272;10;F5;;F5;1000784;;1000784;;20022PD002;;OK;S - 06 023: Standard PO 4500028272 changed | I - KI 339: Profit center was set to L2002005 | W - 06 081: Conversion between PC and KG effected using factor 1 | W - ME 083: Enter Requester, customer
4500028269;10;F5;;F5;1000784;;1000784;;20022PD002;;OK;S - 06 023: Standard PO 4500028269 changed | I - KI 339: Profit center was set to L2002005 | W - 06 081: Conversion between PC and KG effected using factor 1 | W - ME 083: Enter Requester, customer
4500028265;10;F5;;F5;1000784;;1000784;;20022PD002;;OK;S - 06 023: Standard PO 4500028265 changed | I - KI 339: Profit center was set to L2002005 | W - 06 081: Conversion between PC and KG effected using factor 1 | W - ME 083: Enter Requester, customer
4500028262;10;F5;;F5;1000784;;1000784;;20022PD002;;OK;S - 06 023: Standard PO 4500028262 changed | I - KI 339: Profit center was set to L2002005 | W - 06 081: Conversion between PC and KG effected using factor 1 | W - ME 083: Enter Requester, customer
4500028259;10;F4;;F4;1000784;;1000784;;20022PD002;;OK;S - 06 023: Standard PO 4500028259 changed | I - KI 339: Profit center was set to L2002005 | W - 06 081: Conversion between PC and KG effected using factor 1 | W - ME 083: Enter Requester, customer
4500028253;10;F4;;F4;1000608;;1000608;;20111PD003;;OK;S - 06 023: Standard PO 4500028253 changed | I - KI 339: Profit center was set to L2011002 | W - 06 081: Conversion between PC and KG effected using factor 1 | W - ME 083: Enter Requester, customer
4500028249;10;F4;;F4;1000784;;1000784;;20022PD002;;OK;S - 06 023: Standard PO 4500028249 changed | I - KI 339: Profit center was set to L2002005 | W - 06 081: Conversion between PC and KG effected using factor 1 | W - ME 083: Enter Requester, customer
4500028246;10;F4;;F4;1000784;;1000784;;20022PD002;;OK;S - 06 023: Standard PO 4500028246 changed | I - KI 339: Profit center was set to L2002005 | W - 06 081: Conversion between PC and KG effected using factor 1 | W - ME 083: Enter Requester, customer
4500028240;10;F5;;F5;1000784;;1000784;;20022PD002;;OK;S - 06 023: Standard PO 4500028240 changed | I - KI 339: Profit center was set to L2002005 | W - 06 081: Conversion between PC and KG effected using factor 1 | W - ME 083: Enter Requester, customer
4500028237;10;F5;;F5;1000784;;1000784;;20022PD002;;OK;S - 06 023: Standard PO 4500028237 changed | I - KI 339: Profit center was set to L2002005 | W - 06 081: Conversion between PC and KG effected using factor 1 | W - ME 083: Enter Requester, customer
4500028233;10;F5;;F5;1000784;;1000784;;20022PD002;;OK;S - 06 023: Standard PO 4500028233 changed | I - KI 339: Profit center was set to L2002005 | W - 06 081: Conversion between PC and KG effected using factor 1 | W - ME 083: Enter Requester, customer
4500028230;10;F5;;F5;1000784;;1000784;;20022PD002;;OK;S - 06 023: Standard PO 4500028230 changed | W - 06 081: Conversion between PC and KG effected using factor 1 | W - ME 083: Enter Requester, customer | I - KI 339: Profit center was set to L2002005
4500028221;10;F5;;F5;1000784;;1000784;;20022PD002;;OK;S - 06 023: Standard PO 4500028221 changed | I - KI 339: Profit center was set to L2002005 | W - 06 081: Conversion between PC and KG effected using factor 1 | W - ME 083: Enter Requester, customer
4500028211;10;F4;;F4;1000784;;1000784;;20022PD002;;OK;S - 06 023: Standard PO 4500028211 changed | I - KI 339: Profit center was set to L2002005 | W - 06 081: Conversion between PC and KG effected using factor 1 | W - ME 083: Enter Requester, customer
4500028208;10;F4;;F4;1000784;;1000784;;20022PD002;;OK;S - 06 023: Standard PO 4500028208 changed | I - KI 339: Profit center was set to L2002005 | W - 06 081: Conversion between PC and KG effected using factor 1 | W - ME 083: Enter Requester, customer
4500028205;10;F4;;F4;1000784;;1000784;;20022PD002;;OK;S - 06 023: Standard PO 4500028205 changed | I - KI 339: Profit center was set to L2002005 | W - 06 081: Conversion between PC and KG effected using factor 1 | W - ME 083: Enter Requester, customer
4500028202;10;P5;;P5;60000684;;60000684;;20022PD002;;OK;S - 06 023: Standard PO 4500028202 changed | I - KI 339: Profit center was set to L2002005 | W - 06 081: Conversion between PC and KG effected using factor 1 | W - ME 083: Enter Requester, customer
4500028198;10;F4;;F4;1000784;;1000784;;20022PD002;;OK;S - 06 023: Standard PO 4500028198 changed | I - KI 339: Profit center was set to L2002005 | W - 06 081: Conversion between PC and KG effected using factor 1 | W - ME 083: Enter Requester, customer
4500028195;10;F4;;F4;1000784;;1000784;;20022PD002;;OK;S - 06 023: Standard PO 4500028195 changed | W - 06 081: Conversion between PC and KG effected using factor 1 | W - ME 083: Enter Requester, customer | I - KI 339: Profit center was set to L2002005
4500028192;10;F4;;F4;1000784;;1000784;;20022PD002;;OK;S - 06 023: Standard PO 4500028192 changed | I - KI 339: Profit center was set to L2002005 | W - 06 081: Conversion between PC and KG effected using factor 1 | W - ME 083: Enter Requester, customer
4500028189;10;F4;;F4;1000784;;1000784;;20022PD002;;OK;S - 06 023: Standard PO 4500028189 changed | I - KI 339: Profit center was set to L2002005 | W - 06 081: Conversion between PC and KG effected using factor 1 | W - ME 083: Enter Requester, customer
4500028186;10;F4;;F4;1000784;;1000784;;20022PD002;;OK;S - 06 023: Standard PO 4500028186 changed | I - KI 339: Profit center was set to L2002005 | W - 06 081: Conversion between PC and KG effected using factor 1 | W - ME 083: Enter Requester, customer
4500028179;10;P5;;P5;60000004;;60000004;;20021PD002;;OK;S - 06 023: Standard PO 4500028179 changed | I - KI 339: Profit center was set to L2002001 | W - ME 083: Enter Requester, customer
4500028176;10;E4;;E4;1000539;;1000539;;20011AD023;;OK;S - 06 023: Standard PO 4500028176 changed | W - ME 083: Enter Requester, customer
4500028163;10;F4;;F4;1000601;;1000601;;20021PD002;;OK;S - 06 023: Standard PO 4500028163 changed | I - KI 339: Profit center was set to L2002001 | W - ME 083: Enter Requester, customer
4500028064;10;E4;;E4;1000532;;1000532;;20021PI013;;OK;S - 06 023: Standard PO 4500028064 changed | I - KI 339: Profit center was set to L2002001 | W - ME 083: Enter Requester, customer
4500027997;10;E4;;E4;1000528;;1000528;;20141AI001;;OK;S - 06 023: Standard PO 4500027997 changed | I - KI 339: Profit center was set to L2014001 | W - ME 083: Enter Requester, customer
4500027981;10;CC;;CC;20013264;;20013264;;20011PD005;;OK;S - 06 023: Standard PO 4500027981 changed | W - ME 083: Enter Requester, customer
4500027949;10;P5;;P5;60000684;;60000684;;20022PD002;;OK;S - 06 023: Standard PO 4500027949 changed | I - KI 339: Profit center was set to L2002005 | W - ME 083: Enter Requester, customer
4500027946;10;E2;;E2;1000528;;1000528;;20101PD003;;OK;S - 06 023: Standard PO 4500027946 changed | I - KI 339: Profit center was set to L2010002 | W - ME 083: Enter Requester, customer
4500027943;10;E3;;E3;1000528;;1000528;;20111PI001;;OK;S - 06 023: Standard PO 4500027943 changed | I - KI 339: Profit center was set to L2011002 | W - ME 083: Enter Requester, customer
4500027930;10;F4;;F4;1000472;;1000472;;20022PD005;;OK;S - 06 023: Standard PO 4500027930 changed | I - KI 339: Profit center was set to L2002005 | W - ME 083: Enter Requester, customer
4500027927;10;F4;;F4;1000784;;1000784;;20022PD002;;OK;S - 06 023: Standard PO 4500027927 changed | I - KI 339: Profit center was set to L2002005 | W - 06 081: Conversion between PC and KG effected using factor 1 | W - ME 083: Enter Requester, customer
4500027924;10;F4;;F4;1000784;;1000784;;20022PD002;;OK;S - 06 023: Standard PO 4500027924 changed | I - KI 339: Profit center was set to L2002005 | W - 06 081: Conversion between PC and KG effected using factor 1 | W - ME 083: Enter Requester, customer
4500027921;10;F5;;F5;1000784;;1000784;;20022PD002;;OK;S - 06 023: Standard PO 4500027921 changed | I - KI 339: Profit center was set to L2002005 | W - 06 081: Conversion between PC and KG effected using factor 1 | W - ME 083: Enter Requester, customer
4500027917;10;C1;;C1;20016664;;20016664;;20011CD015;;OK;S - 06 023: Standard PO 4500027917 changed | W - ME 083: Enter Requester, customer
4500027914;10;F5;;F5;1000784;;1000784;;20022PD002;;OK;S - 06 023: Standard PO 4500027914 changed | I - KI 339: Profit center was set to L2002005 | W - 06 081: Conversion between PC and KG effected using factor 1 | W - ME 083: Enter Requester, customer
4500027911;10;F5;;F5;1000784;;1000784;;20022PD002;;OK;S - 06 023: Standard PO 4500027911 changed | I - KI 339: Profit center was set to L2002005 | W - 06 081: Conversion between PC and KG effected using factor 1 | W - ME 083: Enter Requester, customer
4500027908;10;F5;;F5;1000784;;1000784;;20022PD002;;OK;S - 06 023: Standard PO 4500027908 changed | W - 06 081: Conversion between PC and KG effected using factor 1 | W - ME 083: Enter Requester, customer | I - KI 339: Profit center was set to L2002005
4500027905;10;F5;;F5;1000784;;1000784;;20022PD002;;OK;S - 06 023: Standard PO 4500027905 changed | W - 06 081: Conversion between PC and KG effected using factor 1 | W - ME 083: Enter Requester, customer | I - KI 339: Profit center was set to L2002005
4500027901;10;F5;;F5;1000784;;1000784;;20022PD002;;OK;S - 06 023: Standard PO 4500027901 changed | I - KI 339: Profit center was set to L2002005 | W - 06 081: Conversion between PC and KG effected using factor 1 | W - ME 083: Enter Requester, customer
4500027898;10;F5;;F5;1000784;;1000784;;20022PD002;;OK;S - 06 023: Standard PO 4500027898 changed | I - KI 339: Profit center was set to L2002005 | W - 06 081: Conversion between PC and KG effected using factor 1 | W - ME 083: Enter Requester, customer
4500027895;10;F4;;F4;1000608;;1000608;;20091PD014;;OK;S - 06 023: Standard PO 4500027895 changed | I - KI 339: Profit center was set to L2009002 | W - 06 081: Conversion between PC and KG effected using factor 1 | W - ME 083: Enter Requester, customer
4500027892;10;F4;;F4;1000608;;1000608;;20091PD014;;OK;S - 06 023: Standard PO 4500027892 changed | I - KI 339: Profit center was set to L2009002 | W - 06 081: Conversion between PC and KG effected using factor 1 | W - ME 083: Enter Requester, customer
4500027863;10;C1;;C1;30001349;;30001349;;20012PD009;;OK;S - 06 023: Standard PO 4500027863 changed | I - KI 339: Profit center was set to L2001002 | W - ME 083: Enter Requester, customer
4500027860;10;P4;;P4;60000475;;60000475;;20011AD018;;OK;S - 06 023: Framework Order 4500027860 changed | W - ME 366: Following mandatory roles missing in partner maintenance: VN | W - 06 072: Quantity smaller than invoiced quantity 2 | W - ME 083: Enter Requester, customer
4500027857;10;P5;;P5;60000008;;60000008;;20022PD005;;OK;S - 06 023: Standard PO 4500027857 changed | I - KI 339: Profit center was set to L2002005 | W - ME 083: Enter Requester, customer
4500027837;10;F4;;F4;1000784;;1000784;;20022PD002;;OK;S - 06 023: Standard PO 4500027837 changed | I - KI 339: Profit center was set to L2002005 | W - 06 081: Conversion between PC and KG effected using factor 1 | W - ME 083: Enter Requester, customer
4500027834;10;F4;;F4;1000473;;1000473;;20011CD023;;OK;S - 06 023: Standard PO 4500027834 changed | W - ME 083: Enter Requester, customer
4500027831;10;F4;;F4;1000784;;1000784;;20022PD002;;OK;S - 06 023: Standard PO 4500027831 changed | I - KI 339: Profit center was set to L2002005 | W - 06 081: Conversion between PC and KG effected using factor 1 | W - ME 083: Enter Requester, customer
4500027828;10;F4;;F4;1000605;;1000605;;20101PD015;;OK;S - 06 023: Standard PO 4500027828 changed | I - KI 339: Profit center was set to L2010002 | W - ME 083: Enter Requester, customer
4500027825;10;C0;;C0;20014047;;20014047;;20011AD001;;OK;S - 06 023: Standard PO 4500027825 changed | W - ME 678: Purchase order unit L allows fewer decimal places only | W - ME 083: Enter Requester, customer
4500027780;10;F4;;F4;1000472;;1000472;;20101CI001;;OK;S - 06 023: Standard PO 4500027780 changed | I - KI 339: Profit center was set to L2010002 | W - ME 083: Enter Requester, customer
4500027777;10;F4;;F4;1000472;;1000472;;20101CI001;;OK;S - 06 023: Standard PO 4500027777 changed | I - KI 339: Profit center was set to L2010002 | W - ME 083: Enter Requester, customer
4500027716;10;F4;;F4;1000784;;1000784;;20022PD002;;OK;S - 06 023: Standard PO 4500027716 changed | I - KI 339: Profit center was set to L2002005 | W - 06 081: Conversion between PC and KG effected using factor 1 | W - ME 083: Enter Requester, customer
4500027713;10;F4;;F4;1000784;;1000784;;20022PD002;;OK;S - 06 023: Standard PO 4500027713 changed | I - KI 339: Profit center was set to L2002005 | W - 06 081: Conversion between PC and KG effected using factor 1 | W - ME 083: Enter Requester, customer
4500027710;10;F4;;F4;1000784;;1000784;;20022PD002;;OK;S - 06 023: Standard PO 4500027710 changed | I - KI 339: Profit center was set to L2002005 | W - 06 081: Conversion between PC and KG effected using factor 1 | W - ME 083: Enter Requester, customer
4500027707;10;F4;;F4;1000784;;1000784;;20022PD002;;OK;S - 06 023: Standard PO 4500027707 changed | I - KI 339: Profit center was set to L2002005 | W - 06 081: Conversion between PC and KG effected using factor 1 | W - ME 083: Enter Requester, customer
4500027703;10;F4;;F4;1000784;;1000784;;20022PD002;;OK;S - 06 023: Standard PO 4500027703 changed | I - KI 339: Profit center was set to L2002005 | W - 06 081: Conversion between PC and KG effected using factor 1 | W - ME 083: Enter Requester, customer
4500027700;10;F4;;F4;1000784;;1000784;;20022PD002;;OK;S - 06 023: Standard PO 4500027700 changed | I - KI 339: Profit center was set to L2002005 | W - 06 081: Conversion between PC and KG effected using factor 1 | W - ME 083: Enter Requester, customer
4500027646;10;C0;;C0;20014047;;20014047;;20022PD004;;OK;S - 06 023: Standard PO 4500027646 changed | W - ME 678: Purchase order unit L allows fewer decimal places only | W - ME 083: Enter Requester, customer | I - KI 339: Profit center was set to L2002005
4500027633;10;P0;;P0;60000476;;60000476;;20011AD019;;OK;S - 06 022: No data changed | I - ME 664: Change Cost Center could not be effected
4500027505;10;C0;;C0;20014047;;20014047;;20081PI003;;OK;S - 06 023: Standard PO 4500027505 changed | I - KI 339: Profit center was set to L2008001 | W - ME 678: Purchase order unit L allows fewer decimal places only | W - ME 083: Enter Requester, customer
4500027486;10;CH;;CH;20013770;;20013770;;20081PI011;;OK;S - 06 023: Standard PO 4500027486 changed | I - KI 339: Profit center was set to L2008001 | W - ME 083: Enter Requester, customer
4500027467;10;C0;;C0;20014047;;20014047;;20111PI002;;OK;S - 06 023: Standard PO 4500027467 changed | W - 06 203: Order value 9.760,89 BRL below minimum order value | I - KI 339: Profit center was set to L2011002 | W - ME 678: Purchase order unit L allows fewer decimal places only | W - ME 083: Enter Requester, customer
4500027464;10;CG;;CG;1000471;;1000471;;20013PI002;;OK;S - 06 023: Standard PO 4500027464 changed | I - KI 339: Profit center was set to L2001003 | W - ME 083: Enter Requester, customer
4500027429;10;P0;;P0;60000007;;60000007;;20111PD006;;OK;S - 06 023: Standard PO 4500027429 changed | I - KI 339: Profit center was set to L2011002 | W - ME 083: Enter Requester, customer
4500027425;10;P0;;P0;60000383;;60000383;;20111PD001;;OK;S - 06 023: Standard PO 4500027425 changed | I - KI 339: Profit center was set to L2011002 | W - MMPUR_SPROC 027: End date of item 00010 deviates from purchase requisition 10003996-00010. | W - ME 083: Enter Requester, customer
4500027291;10;P4;;P4;60000003;;60000003;;20011PD021;;OK;S - 06 023: Standard PO 4500027291 changed | W - ME 083: Enter Requester, customer
4500027282;10;P4;;P4;60000506;;60000506;;20151CD008;;OK;S - 06 023: Standard PO 4500027282 changed | I - KI 339: Profit center was set to L2015001 | W - ME 083: Enter Requester, customer
4500027266;10;F4;;F4;1000472;;1000472;;20022PD005;;OK;S - 06 023: Standard PO 4500027266 changed | I - KI 339: Profit center was set to L2002005 | W - ME 083: Enter Requester, customer
4500027263;10;F4;;F4;1000472;;1000472;;20022PD005;;OK;S - 06 023: Standard PO 4500027263 changed | I - KI 339: Profit center was set to L2002005 | W - ME 083: Enter Requester, customer
4500027259;10;P5;;P5;60000008;;60000008;;20022PD005;;OK;S - 06 023: Standard PO 4500027259 changed | I - KI 339: Profit center was set to L2002005 | W - ME 083: Enter Requester, customer
4500027256;10;P5;;P5;60000008;;60000008;;20022PD005;;OK;S - 06 023: Standard PO 4500027256 changed | I - KI 339: Profit center was set to L2002005 | W - ME 083: Enter Requester, customer
4500027205;10;CG;;CG;20017717;;20017717;;20021PI008;;OK;S - 06 023: Standard PO 4500027205 changed | I - KI 339: Profit center was set to L2002001 | W - ME 083: Enter Requester, customer
4500027199;10;F4;;F4;1000472;;1000472;;20022PD005;;OK;S - 06 023: Standard PO 4500027199 changed | I - KI 339: Profit center was set to L2002005 | W - ME 083: Enter Requester, customer
4500027192;10;CG;;CG;40000028;;40000028;;20011PD010;;OK;S - 06 023: Standard PO 4500027192 changed | W - ME 083: Enter Requester, customer
4500027189;10;C0;;C0;1000554;;1000554;;20011AD021;;OK;S - 06 023: Standard PO 4500027189 changed | W - ME 083: Enter Requester, customer
4500027176;10;C0;;C0;20014119;;20014119;;20011PI035;;OK;S - 06 023: Standard PO 4500027176 changed | W - ME 083: Enter Requester, customer
4500027167;10;F4;;F4;1000605;;1000605;;20101PD015;;OK;S - 06 023: Standard PO 4500027167 changed | I - KI 339: Profit center was set to L2010002 | W - ME 083: Enter Requester, customer
4500027164;10;F4;;F4;1000605;;1000605;;20101PD015;;OK;S - 06 023: Standard PO 4500027164 changed | I - KI 339: Profit center was set to L2010002 | W - ME 083: Enter Requester, customer
4500027151;10;C1;;C1;20007632;;20007632;;20011PI015;;OK;S - 06 023: Standard PO 4500027151 changed | W - ME 083: Enter Requester, customer
4500027042;10;P4;;P4;60000506;;60000506;;20151CD008;;OK;S - 06 023: Standard PO 4500027042 changed | I - KI 339: Profit center was set to L2015001 | W - ME 083: Enter Requester, customer
4500027039;10;P5;;P5;60000684;;60000684;;20022PD002;;OK;S - 06 023: Standard PO 4500027039 changed | W - ME 083: Enter Requester, customer | I - KI 339: Profit center was set to L2002005
4500027036;10;P5;;P5;60000684;;60000684;;20022PD002;;OK;S - 06 023: Standard PO 4500027036 changed | W - ME 083: Enter Requester, customer | I - KI 339: Profit center was set to L2002005
4500027023;10;F4;;F4;1000608;;1000608;;20111PD003;;OK;S - 06 023: Standard PO 4500027023 changed | W - 06 081: Conversion between PC and KG effected using factor 1 | W - ME 083: Enter Requester, customer | I - KI 339: Profit center was set to L2011002
4500027017;10;C0;;C0;20009232;;20009232;;20022PD009;;OK;S - 06 023: Standard PO 4500027017 changed | W - ME 678: Purchase order unit L allows fewer decimal places only | W - ME 083: Enter Requester, customer | I - KI 339: Profit center was set to L2002005
4500026978;10;C0;;C0;20008537;;20008537;;20011AD015;;OK;S - 06 023: Standard PO 4500026978 changed | W - ME 083: Enter Requester, customer
4500026879;10;F0;;F0;1000471;;1000471;;20091PI015;;OK;S - 06 023: Standard PO 4500026879 changed | I - KI 339: Profit center was set to L2009002 | W - ME 083: Enter Requester, customer
4500026761;10;C3;;C3;60000277;;60000277;;20011PI005;;OK;S - 06 023: Standard PO 4500026761 changed | W - ME 083: Enter Requester, customer
4500026688;10;C0;;C0;20010449;;20010449;;20111PI010;;OK;S - 06 023: Standard PO 4500026688 changed | I - KI 339: Profit center was set to L2011002 | W - ME 083: Enter Requester, customer
4500026685;10;P4;;P4;60000506;;60000506;;20151CD008;;OK;S - 06 023: Standard PO 4500026685 changed | I - KI 339: Profit center was set to L2015001 | W - ME 083: Enter Requester, customer
4500026672;10;C0;;C0;20014047;;20014047;;20022PD004;;OK;S - 06 023: Standard PO 4500026672 changed | I - KI 339: Profit center was set to L2002005 | W - ME 678: Purchase order unit L allows fewer decimal places only | W - ME 083: Enter Requester, customer
4500026665;10;C3;;C3;20001054;;20001054;;20011PD028;;OK;S - 06 023: Standard PO 4500026665 changed | W - ME 083: Enter Requester, customer
4500026659;10;C0;;C0;30011817;;30011817;;20011PI016;;OK;S - 06 023: Standard PO 4500026659 changed | W - ME 083: Enter Requester, customer
4500026554;10;F4;;F4;1000471;;1000471;;20011AD003;;OK;S - 06 023: Standard PO 4500026554 changed | W - ME 083: Enter Requester, customer
4500026483;10;F4;;F4;1000605;;1000605;;20101PD015;;OK;S - 06 023: Standard PO 4500026483 changed | I - KI 339: Profit center was set to L2010002 | W - ME 083: Enter Requester, customer
4500026451;10;P4;;P4;60000506;;60000506;;20151CD008;;OK;S - 06 023: Standard PO 4500026451 changed | I - KI 339: Profit center was set to L2015001 | W - ME 083: Enter Requester, customer
4500026410;10;P4;;P4;60000506;;60000506;;20151CD008;;OK;S - 06 023: Standard PO 4500026410 changed | I - KI 339: Profit center was set to L2015001 | W - ME 083: Enter Requester, customer
4500026407;10;P4;;P4;60000506;;60000506;;20151CD008;;OK;S - 06 023: Standard PO 4500026407 changed | W - ME 083: Enter Requester, customer | I - KI 339: Profit center was set to L2015001
4500026384;10;P4;;P4;60000506;;60000506;;20151CD008;;OK;S - 06 023: Standard PO 4500026384 changed | I - KI 339: Profit center was set to L2015001 | W - ME 083: Enter Requester, customer
4500026381;10;P4;;P4;60000506;;60000506;;20151CD008;;OK;S - 06 023: Standard PO 4500026381 changed | I - KI 339: Profit center was set to L2015001 | W - ME 083: Enter Requester, customer
4500026327;10;F0;;F0;1000471;;1000471;;20011PD017;;OK;S - 06 022: No data changed
